,Visitor ID,Name,Country,Pages Scrolled,Facebook Ad,Time on Site (min),Purchase
0,1,Kevin White,Japan,8,Yes,8.5,No
1,2,Maria Donaldson,Canada,6,No,8.4,No
2,3,David Cole,United States,12,Yes,11.3,Yes
3,4,Timothy Taylor,China,19,Yes,19.9,Yes
4,5,Michelle Wise,Germany,12,No,11.5,No
5,6,Tamara Hardy,France,11,Yes,11.9,No
6,7,Tiffany Flores,France,13,No,18.3,Yes
7,8,Monica Rogers,United Kingdom,13,Yes,13.6,Yes
8,9,Erika Harris,China,17,Yes,21.7,Yes
9,10,Hannah Powell,Canada,15,Yes,21.9,Yes
10,11,Alex Washington,Japan,8,No,11.3,Yes
11,12,Kyle Smith,China,13,Yes,12.0,No
12,13,Robert Gilbert,India,13,Yes,10.7,No
13,14,Jennifer Holland,Canada,18,Yes,18.8,Yes
14,15,Sean Long,Morocco,15,Yes,16.6,Yes
15,16,Seth Berry,Italy,8,No,8.6,Yes
16,17,Karen Rodriguez,United States,11,Yes,10.8,No
17,18,Denise Fletcher,United States,18,No,14.4,Yes
18,19,Tina Patterson,Canada,11,Yes,11.6,Yes
19,20,Gregory Hoffman,France,7,No,10.2,No
20,21,Mr. Lucas Hogan,France,15,Yes,18.5,Yes
21,22,Jimmy Thomas,India,8,Yes,10.4,No
22,23,Renee Chambers,Morocco,14,Yes,16.2,Yes
23,24,Thomas Woodard,United States,18,Yes,18.5,Yes
24,25,Mary Martinez,India,14,Yes,16.6,Yes
25,26,Travis Harmon,France,11,No,12.0,No
26,27,Ann Guerra,China,17,No,21.7,Yes
27,28,Ashley Diaz,Japan,10,Yes,12.3,No
28,29,Joseph Hernandez,China,14,Yes,15.2,Yes
29,30,Makayla Friedman,India,5,Yes,5.1,No
30,31,Lindsay Sanders,Italy,11,Yes,12.1,No
31,32,Jeffrey Freeman MD,France,15,No,16.9,Yes
32,33,Victoria Pena,Australia,19,Yes,24.2,Yes
33,34,Vanessa Castaneda,Morocco,20,Yes,27.1,Yes
34,35,Kathy Bates,Germany,10,Yes,12.6,No
35,36,Marilyn Henderson DDS,United States,14,No,16.3,Yes
36,37,Julie Miller,United Kingdom,15,Yes,13.0,Yes
37,38,Anthony Franco,China,12,No,15.3,Yes
38,39,Lindsey Grimes,Italy,12,No,16.4,Yes
39,40,Amanda Benson,Spain,9,Yes,7.4,Yes
40,41,Matthew Richardson,Germany,12,No,17.9,Yes
41,42,Shelby Salinas,United Kingdom,7,Yes,7.8,Yes
42,43,Calvin Fowler,France,11,Yes,14.3,No
43,44,Elizabeth Bailey,Spain,17,No,19.5,Yes
44,45,John Collins,Canada,12,No,10.8,No
45,46,Melissa Sims,Canada,5,Yes,7.1,No
46,47,Donna Fernandez,Italy,8,No,10.8,No
47,48,Jason Mann,Canada,12,No,11.1,No
48,49,Cindy Thompson,Spain,19,Yes,15.9,Yes
49,50,Erin Allen,Spain,12,Yes,17.3,Yes
50,51,Steven Shelton,Morocco,8,Yes,9.0,No
51,52,Laura Fernandez,Germany,19,Yes,24.1,Yes
52,53,Tiffany Ward,United States,15,No,22.0,Yes
53,54,Abigail Joyce,China,19,Yes,23.3,Yes
54,55,Nicholas Mendez,Australia,18,Yes,24.9,Yes
55,56,Steven Padilla,India,19,Yes,27.1,Yes
56,57,Amy Butler,Canada,20,No,22.3,Yes
57,58,Wendy Bradley,Italy,12,No,16.7,Yes
58,59,Bethany Duffy,Canada,13,No,17.4,Yes
59,60,Joseph Marks,India,20,No,24.8,Yes
60,61,Joseph Long,Germany,13,No,14.4,No
61,62,Jessica Grant,Japan,14,Yes,13.5,Yes
62,63,Angie House,Morocco,15,Yes,15.4,Yes
63,64,Alfred Williams,Spain,7,No,6.3,No
64,65,Jessica Taylor,Morocco,12,Yes,12.8,No
65,66,Jordan Odom,France,9,Yes,11.7,No
66,67,Heather Crawford,China,7,Yes,7.6,No
67,68,Kelly Young,Canada,15,No,17.7,Yes
68,69,Kayla Baker,United States,18,Yes,15.2,Yes
69,70,Mr. Charles Harrison,Japan,18,Yes,19.3,Yes
70,71,Kayla Bennett,France,5,No,7.0,No
71,72,Steven Patterson,Germany,17,Yes,19.3,Yes
72,73,Erica Moore,Canada,16,Yes,16.1,Yes
73,74,Anne Andrews,France,17,No,23.8,Yes
74,75,Rebecca Jackson,Canada,18,Yes,21.2,Yes
75,76,Haley Lucas DDS,Italy,12,No,13.7,No
76,77,Andrea Clark,Germany,13,Yes,14.4,No
77,78,Jose Richardson,Australia,5,No,5.4,No
78,79,Eric Mcintyre,Japan,17,No,22.2,Yes
79,80,Steven Watson,Spain,19,Yes,27.4,Yes
80,81,Ruth Mcguire,United Kingdom,5,Yes,7.2,No
81,82,Jonathan Roberts,Spain,5,No,4.3,No
82,83,Erin Rose,Spain,18,Yes,16.1,Yes
83,84,Barbara Mendez,France,19,Yes,17.6,Yes
84,85,Steven Richard,Japan,13,Yes,13.8,No
85,86,Jack Vasquez,Germany,11,No,12.3,Yes
86,87,Rachel Gordon,China,15,Yes,20.0,Yes
87,88,Heather Baker,Japan,17,No,16.9,Yes
88,89,Greg Peterson,Japan,18,No,17.6,Yes
89,90,Martha Wright,Canada,7,No,7.9,Yes
90,91,Matthew Farley,Morocco,6,Yes,9.0,Yes
91,92,Melissa Landry,Japan,16,No,15.3,Yes
92,93,Nicholas Stevenson,United Kingdom,7,Yes,9.4,No
93,94,Becky Ward,India,6,No,8.0,No
94,95,Jeremy Smith,China,12,Yes,11.3,No
95,96,Lori Rollins,France,5,Yes,6.2,No
96,97,Ronald Cannon,United Kingdom,12,No,10.7,No
97,98,Jacob Sanchez,Australia,8,Yes,9.6,No
98,99,Robin Love,Italy,11,No,12.4,No
99,100,Taylor Cross,Germany,13,No,17.4,Yes
100,101,Christopher Powell,Japan,10,No,12.2,Yes
101,102,Jordan Holden,China,8,Yes,10.8,No
102,103,Ann Smith,India,10,No,14.8,Yes
103,104,Isabel Morris,France,8,Yes,9.6,No
104,105,Vincent Lyons,Japan,14,Yes,16.8,Yes
105,106,Gary Miller,Spain,17,Yes,18.3,Yes
106,107,Tara Jensen,United States,11,No,9.4,No
107,108,Teresa Reed,France,12,No,10.5,No
108,109,Samantha Diaz,United States,14,Yes,19.5,Yes
109,110,Nicholas Kennedy,Spain,8,No,10.9,No
110,111,Katherine Landry,Italy,6,No,6.3,No
111,112,Jason Kirk,Germany,18,Yes,22.7,Yes
112,113,Sarah Lambert,Canada,7,Yes,8.1,No
113,114,Mark Vazquez,France,15,No,12.1,Yes
114,115,Noah Banks,Morocco,18,No,24.8,Yes
115,116,Christopher Koch,China,8,No,8.8,No
116,117,Jennifer Gonzales,Spain,16,Yes,19.9,Yes
117,118,Katherine Sanders,France,19,Yes,24.6,Yes
118,119,Gina Lopez,Japan,18,Yes,16.6,Yes
119,120,Nicole Adkins,Australia,13,No,16.0,Yes
120,121,Deborah Gomez,Italy,20,No,22.5,Yes
121,122,Timothy Wright,Japan,13,No,13.3,No
122,123,Victor Hopkins,Australia,12,Yes,16.6,No
123,124,Tony Mcpherson,United Kingdom,7,Yes,7.0,No
124,125,Matthew Carr,Germany,19,No,18.4,Yes
125,126,Jeffrey Huffman,United Kingdom,19,Yes,22.8,Yes
126,127,Steven Frederick,France,17,No,17.6,Yes
127,128,Jeremy Hill,China,20,Yes,27.9,Yes
128,129,Annette Smith,India,10,No,11.4,No
129,130,Alvin Ferguson,India,16,Yes,21.7,Yes
130,131,Jeremy Townsend,Germany,15,No,14.9,Yes
131,132,Teresa Walker,China,13,Yes,15.5,Yes
132,133,Robin Rice,Morocco,11,No,9.5,No
133,134,Terry Hanson,Italy,18,No,20.6,Yes
134,135,Michael Taylor,Morocco,12,Yes,15.4,Yes
135,136,Anthony Powers,Italy,20,No,22.3,Yes
136,137,Marcus Yates,Spain,5,No,4.3,No
137,138,Robert Richardson,France,12,Yes,13.0,No
138,139,Jeffery Carter,United Kingdom,12,No,12.2,No
139,140,Joan Mejia,India,16,No,18.1,Yes
140,141,Judith Thornton,Australia,16,No,17.6,Yes
141,142,Makayla Thompson,Canada,15,Yes,15.7,Yes
142,143,Kendra Hunt,United States,19,Yes,18.8,Yes
143,144,Kevin Kelley,Canada,13,Yes,12.5,No
144,145,Paul Brown,United Kingdom,11,Yes,11.2,No
145,146,Shelley Anderson,Japan,10,Yes,9.3,Yes
146,147,Jesse Lam,United Kingdom,20,No,19.9,Yes
147,148,Natalie Robinson,Japan,14,Yes,20.8,Yes
148,149,Harold Valdez,Italy,11,No,11.1,No
149,150,Anthony Henry,Morocco,16,No,14.8,Yes
150,151,Gloria Martinez,Canada,5,Yes,6.5,No
151,152,Debra Richardson,Italy,9,Yes,8.9,No
152,153,Austin Martin,Italy,6,No,7.1,No
153,154,Robert Galvan,Morocco,9,Yes,11.2,No
154,155,Crystal Green,Australia,20,No,17.4,Yes
155,156,Phillip Graham,India,5,Yes,6.0,Yes
156,157,Tiffany Black,Germany,20,Yes,22.7,Yes
157,158,Robert Collins,India,15,No,13.9,Yes
158,159,Keith Merritt,United States,6,Yes,5.9,Yes
159,160,Edward Bennett PhD,Japan,20,Yes,17.6,Yes
160,161,Christopher Johnson,China,7,Yes,7.6,No
161,162,Mrs. Rachel West DDS,Canada,7,No,8.4,No
162,163,Jason Keith,Japan,6,No,5.4,No
163,164,Emily Knox,India,14,Yes,12.0,No
164,165,Anthony Miller,Germany,12,Yes,10.6,No
165,166,Peter Thompson,Japan,18,Yes,22.0,Yes
166,167,Deanna Nguyen,Spain,12,Yes,16.1,Yes
167,168,Monica Waters,Canada,17,Yes,19.0,Yes
168,169,Dawn Pacheco,Germany,19,No,19.2,Yes
169,170,David Conley,Italy,18,Yes,18.2,Yes
170,171,Joseph Sanders,United Kingdom,6,Yes,7.4,No
171,172,Matthew Fisher,Australia,8,Yes,11.7,No
172,173,Jacqueline Kaiser,United States,11,Yes,13.6,No
173,174,Mark Ross,China,13,No,16.4,Yes
174,175,Antonio George,China,10,Yes,9.7,No
175,176,Sherri Mcgee,Germany,7,Yes,6.4,No
176,177,Dawn Johnson,India,18,No,20.1,Yes
177,178,Bobby Matthews,United Kingdom,20,Yes,20.1,Yes
178,179,Amy Ford,India,12,Yes,12.0,No
179,180,Theresa Roberts,Canada,14,No,18.1,Yes
180,181,Oscar Mercado,Japan,19,Yes,16.1,Yes
181,182,Ryan Martinez,Germany,12,Yes,17.4,Yes
182,183,Jason Gonzales,Japan,11,No,12.1,No
183,184,Justin Parks,India,12,No,15.0,No
184,185,Carl Osborne,Morocco,13,Yes,17.9,Yes
185,186,Karen Lamb,France,7,Yes,5.9,Yes
186,187,Walter Wyatt,United Kingdom,14,Yes,17.0,Yes
187,188,Ronald Reid,Spain,14,Yes,15.5,Yes
188,189,Lynn Kidd,United Kingdom,19,No,24.4,Yes
189,190,Richard Hall Jr.,India,17,No,24.8,Yes
190,191,Karina Avery,India,20,Yes,22.1,Yes
191,192,Amy Knight DDS,United States,6,No,8.5,No
192,193,Michael Jordan,Morocco,15,No,18.3,Yes
193,194,Abigail Marquez,Spain,5,Yes,4.3,Yes
194,195,Andrea Conner,Australia,5,No,7.5,No
195,196,Roberto Frey,United States,13,No,15.6,Yes
196,197,Darlene Nguyen DDS,Canada,10,Yes,11.3,No
197,198,Todd Garcia,Spain,19,Yes,27.4,Yes
198,199,Larry Drake,Germany,10,No,15.0,No
199,200,Madison Ruiz,France,18,No,22.4,Yes
200,201,Barbara Evans,United States,20,Yes,29.6,Yes
201,202,Jerry Davidson,France,20,Yes,20.9,Yes
202,203,Michelle Wilkins,Morocco,15,Yes,15.4,Yes
203,204,Karen Watkins,Canada,8,Yes,11.2,Yes
204,205,Brittney Villa,Canada,15,No,16.3,Yes
205,206,Beth James,China,20,Yes,20.0,Yes
206,207,Olivia Fletcher,Australia,17,No,23.3,Yes
207,208,Heather Barrett,Canada,6,No,6.7,No
208,209,Richard Ayala,India,15,Yes,14.7,Yes
209,210,Mark Hicks,United Kingdom,8,No,11.8,No
210,211,Meredith Brown,United Kingdom,17,No,23.9,Yes
211,212,Mary Haynes,Japan,5,Yes,6.3,No
212,213,Maria Snyder,Australia,19,Yes,20.7,Yes
213,214,Madison Friedman,India,11,Yes,12.8,No
214,215,Joseph Trevino,United Kingdom,20,Yes,24.8,Yes
215,216,Robert Jacobson,Germany,6,Yes,5.7,No
216,217,Courtney Woodard,India,9,No,13.0,Yes
217,218,Heather Torres,Morocco,19,Yes,26.9,Yes
218,219,Jason Gaines,Italy,20,Yes,17.7,Yes
219,220,Michael Lloyd,France,12,No,15.6,Yes
220,221,Pamela Phillips,India,14,Yes,16.6,No
221,222,Ashley Martin,China,18,Yes,15.6,Yes
222,223,Jennifer Sanchez,China,8,No,9.0,No
223,224,Warren Manning,France,8,No,10.0,No
224,225,Hunter Sparks,China,9,Yes,10.3,Yes
225,226,Jill Waters,Germany,14,No,16.2,Yes
226,227,Melissa Marquez,Italy,13,Yes,14.2,No
227,228,Steven Smith,Japan,20,Yes,29.7,Yes
228,229,Bryan Juarez,Japan,12,Yes,13.4,No
229,230,Gary Hogan,Spain,9,Yes,9.6,Yes
230,231,Deborah Price,Australia,9,Yes,12.6,No
231,232,Jesse Lopez,India,13,No,17.4,Yes
232,233,Barbara Hubbard,Australia,18,No,18.7,Yes
233,234,Kristi Gonzalez,Canada,13,Yes,17.9,Yes
234,235,Matthew Golden,France,14,Yes,18.3,No
235,236,Douglas Warner,France,20,Yes,28.1,Yes
236,237,Donna Christensen,Canada,19,Yes,22.4,Yes
237,238,John Moore,Spain,16,Yes,16.5,Yes
238,239,Kyle Mueller,United States,17,Yes,19.0,Yes
239,240,Jackie Heath,Morocco,15,No,21.1,Yes
240,241,Jessica Serrano,India,12,No,14.4,No
241,242,Julie Johnson,France,12,Yes,16.8,Yes
242,243,Emily Wheeler,Morocco,18,Yes,14.9,Yes
243,244,James King,France,20,Yes,25.9,Yes
244,245,Kathleen Mcknight,United States,17,No,18.2,Yes
245,246,Amanda Lin,Canada,9,Yes,10.3,No
246,247,Heather Taylor,China,6,Yes,5.3,Yes
247,248,Crystal Williams,Japan,15,Yes,21.1,Yes
248,249,Mr. Brent Davis MD,United States,19,Yes,16.5,Yes
249,250,Eric Howard,France,19,No,15.4,Yes
250,251,Michael Harrison,Canada,9,No,9.8,No
251,252,Joseph Robinson,United States,9,Yes,7.7,No
252,253,Robert Whitehead,Spain,13,No,13.5,Yes
253,254,Ricardo Francis,Canada,17,No,21.3,Yes
254,255,Aaron Torres,India,15,No,20.9,Yes
255,256,Jeffrey Sellers,France,17,No,25.0,Yes
256,257,Jonathan Terrell,Germany,20,No,28.2,Yes
257,258,Stephanie Cooper,Japan,6,Yes,7.4,Yes
258,259,Jill Mckee,Australia,12,Yes,14.9,No
259,260,William Smith,France,14,No,21.0,Yes
260,261,Diana Perry,India,7,Yes,7.7,No
261,262,Sara Bryan,United Kingdom,8,No,10.7,No
262,263,Audrey Sullivan,China,8,No,8.9,No
263,264,Melanie Hoover,Morocco,14,Yes,20.1,Yes
264,265,Tammy Becker,Morocco,6,Yes,6.2,No
265,266,Kristina Howard,Australia,6,No,6.0,No
266,267,Paul Harris,France,16,No,17.6,Yes
267,268,Michael Phelps,Australia,12,No,14.1,No
268,269,Peter Barber,Italy,10,No,9.2,No
269,270,Cindy Farmer,France,7,Yes,8.6,Yes
270,271,Tammy Mcconnell,Canada,17,No,21.0,Yes
271,272,Jodi Miller,Canada,12,Yes,13.8,No
272,273,Cynthia Ramos,Japan,9,No,8.7,No
273,274,Matthew Holt,Italy,13,Yes,14.6,No
274,275,Paul Buck,Spain,5,Yes,7.1,No
275,276,Scott Ortiz,Italy,19,Yes,27.2,Yes
276,277,Noah Gibson,Italy,10,Yes,8.5,No
277,278,Carol Williamson,Australia,16,No,23.9,Yes
278,279,Chris Butler,China,14,Yes,17.5,Yes
279,280,Julie Williams,United States,18,No,23.1,Yes
280,281,Andrea Nunez,Japan,19,No,26.4,Yes
281,282,Ms. Carol Mitchell,Japan,11,Yes,16.5,Yes
282,283,Samuel Harris,Japan,20,Yes,17.5,Yes
283,284,Todd Baker,Canada,17,Yes,20.4,Yes
284,285,William Howard,United States,14,No,20.9,Yes
285,286,Nicole Park,Italy,14,Yes,11.4,No
286,287,Jeremy Wood,China,17,Yes,16.9,Yes
287,288,William Lewis,Spain,6,No,8.6,No
288,289,Martin Jackson,Canada,20,Yes,27.7,Yes
289,290,Gary Garrison,France,14,Yes,18.8,Yes
290,291,Samantha Garcia,France,12,Yes,14.7,No
291,292,Phillip Wilson,France,16,Yes,15.3,Yes
292,293,Ryan Dorsey,India,11,No,13.6,No
293,294,Monique Norton,Australia,9,Yes,11.2,Yes
294,295,Tyler Garrison,United Kingdom,6,Yes,6.1,Yes
295,296,Michelle Burns MD,Italy,19,Yes,15.6,Yes
296,297,Craig Lee,United Kingdom,16,Yes,21.0,Yes
297,298,Theodore Owens,Germany,7,No,10.1,No
298,299,Darlene Shepard,Australia,15,No,19.8,Yes
299,300,Robert Gardner,France,10,Yes,9.4,Yes
300,301,Ryan Phillips,Canada,16,Yes,18.7,Yes
301,302,Amanda Johnson,Australia,13,Yes,18.0,Yes
302,303,Alyssa Young,India,13,Yes,18.7,Yes
303,304,Kayla Davidson,Canada,20,Yes,29.5,Yes
304,305,David Reed,United States,14,Yes,18.5,Yes
305,306,Christopher Sanders,Japan,15,Yes,20.4,Yes
306,307,Ann Bishop,India,19,No,28.0,Yes
307,308,Steven Moss,United States,9,No,12.0,No
308,309,Michael Meadows,Canada,12,Yes,16.8,Yes
309,310,Mary Schaefer,France,17,No,25.1,Yes
310,311,Sarah Juarez,United Kingdom,16,Yes,13.8,Yes
311,312,Carrie Mcdonald,Italy,17,Yes,13.8,Yes
312,313,Don Howard,Australia,8,No,8.9,No
313,314,Johnny Evans,Australia,13,Yes,15.7,Yes
314,315,Robert Cunningham,France,16,Yes,14.0,Yes
315,316,Jennifer Riley,Italy,12,No,13.6,No
316,317,Charles Casey,United States,15,Yes,21.6,Yes
317,318,Robert Berry,United Kingdom,12,Yes,15.0,No
318,319,Susan Miller,Italy,19,Yes,27.3,Yes
319,320,Dr. Colleen Allen,United States,14,Yes,17.6,Yes
320,321,Seth Warren,Italy,8,Yes,7.2,No
321,322,Karen Parker,Germany,6,Yes,6.1,No
322,323,Erin Nolan,Australia,20,Yes,17.6,Yes
323,324,Jeffrey Ruiz,Germany,12,Yes,17.1,Yes
324,325,Heather Jones,Italy,9,No,9.6,No
325,326,Cynthia Mcfarland,China,16,Yes,20.3,Yes
326,327,Donna Hartman,China,18,Yes,21.8,Yes
327,328,Cindy Martin,India,9,Yes,12.8,Yes
328,329,Isaac Hernandez,Japan,8,Yes,11.1,No
329,330,Meagan Vasquez,China,18,No,26.2,Yes
330,331,Billy Heath,Australia,13,Yes,10.7,No
331,332,Kenneth Brewer,United Kingdom,16,No,15.2,Yes
332,333,Chad Chen,France,19,Yes,27.8,Yes
333,334,Sheri Frank,Germany,16,Yes,13.9,Yes
334,335,Deborah Coffey,France,16,Yes,18.9,Yes
335,336,John Howard,United States,16,Yes,13.5,Yes
336,337,Mark Lewis,Morocco,13,Yes,12.1,No
337,338,Emily Martin,China,8,Yes,11.7,No
338,339,Charles Pierce,India,19,Yes,16.4,Yes
339,340,Kenneth Olson,United States,11,No,13.7,No
340,341,Joshua Wilkerson,China,5,No,4.2,No
341,342,Alexis Estrada,Spain,15,Yes,14.6,Yes
342,343,Whitney Costa,United States,9,No,12.2,No
343,344,Leslie Dixon,United States,11,Yes,9.3,No
344,345,Heather Dominguez,Morocco,11,No,13.3,Yes
345,346,Jacob Elliott,Australia,12,Yes,12.4,No
346,347,Pamela Smith,India,9,Yes,12.2,No
347,348,Blake Austin,India,5,Yes,5.0,No
348,349,Kelly Fernandez,United Kingdom,9,Yes,13.4,No
349,350,Mrs. Linda Hall,United States,13,Yes,17.7,Yes
350,351,Holly Sanchez,India,8,Yes,10.1,Yes
351,352,Lisa Hill,Canada,5,Yes,4.5,Yes
352,353,Jose Patrick,United Kingdom,16,Yes,21.6,Yes
353,354,Mr. Henry Hernandez,Canada,12,Yes,14.5,No
354,355,Jennifer Pacheco,Morocco,5,Yes,4.6,No
355,356,Alexander Gomez,Canada,6,No,5.3,No
356,357,Matthew Sims,Japan,18,Yes,21.0,Yes
357,358,David Diaz,France,7,Yes,7.9,No
358,359,Albert Cardenas,Italy,16,No,18.5,Yes
359,360,Timothy Ortega,Canada,8,Yes,8.9,No
360,361,Lisa Jackson,Morocco,12,No,17.5,Yes
361,362,Danny Macias,France,6,Yes,7.9,No
362,363,Dr. Donna Kidd,Morocco,14,Yes,15.7,Yes
363,364,Erin Ritter,Morocco,5,Yes,4.2,No
364,365,David Jones,United States,20,Yes,27.9,Yes
365,366,Karen Hopkins,Morocco,18,Yes,23.0,Yes
366,367,George Montgomery,Canada,20,No,26.0,Yes
367,368,Michael Wright,Italy,19,Yes,16.2,Yes
368,369,Cindy Goodwin,Japan,7,Yes,7.2,No
369,370,Allen Johnson,Morocco,9,Yes,7.6,No
370,371,Scott Brown,Morocco,13,Yes,16.1,Yes
371,372,Kenneth Vargas,India,15,No,16.0,Yes
372,373,Amy Davis,Spain,14,Yes,15.6,Yes
373,374,Nancy Smith,Germany,18,Yes,15.6,Yes
374,375,Cassie Bauer,France,8,No,11.2,No
375,376,Paula Spencer,Japan,11,Yes,12.1,No
376,377,Eugene Reynolds,China,12,No,13.1,No
377,378,William Powell,Spain,19,Yes,20.5,Yes
378,379,Andre Lewis,France,8,No,8.2,No
379,380,Lisa Atkinson,Germany,15,No,19.0,Yes
380,381,Erica Davis,Italy,16,Yes,23.5,Yes
381,382,Lori Moses,United Kingdom,20,Yes,16.9,Yes
382,383,Jessica Smith,Japan,7,Yes,6.1,No
383,384,Marc Gonzalez,Japan,8,No,10.6,No
384,385,Debra Duncan,Germany,16,Yes,21.9,Yes
385,386,Carrie Jefferson,Australia,6,Yes,7.3,No
386,387,Dennis Hoover,Spain,15,Yes,19.0,Yes
387,388,Joseph Lawrence,Canada,18,No,18.9,Yes
388,389,Erin Scott,United States,18,Yes,25.3,Yes
389,390,Michael Jacobson,Australia,6,No,8.9,No
390,391,Ann Fernandez,Morocco,14,No,14.6,No
391,392,Sharon Mills,Morocco,11,Yes,10.0,No
392,393,Kendra Moore,Canada,20,Yes,19.1,Yes
393,394,Daniel Garcia,Canada,8,Yes,8.4,No
394,395,Mrs. Kelsey Bennett,India,16,Yes,14.1,Yes
395,396,John Mann Jr.,France,13,Yes,15.6,Yes
396,397,Travis Pena,India,18,Yes,25.0,Yes
397,398,Nancy Lawrence,Germany,5,Yes,6.1,No
398,399,Paula Wright MD,United Kingdom,13,No,10.7,No
399,400,Jodi Abbott,Spain,13,No,16.8,No
400,401,Jacob Barajas,Canada,14,No,20.2,Yes
401,402,Jeffery Cobb,France,16,Yes,12.9,Yes
402,403,Lisa Moore,Spain,9,Yes,10.8,No
403,404,Jodi Watkins,Germany,17,No,14.4,Yes
404,405,Jacqueline Stout,United Kingdom,5,Yes,4.3,Yes
405,406,Zachary Thomas,Australia,11,No,11.7,No
406,407,Christy Harper,India,19,Yes,19.7,Yes
407,408,Erin Bonilla,China,16,No,16.3,Yes
408,409,Robin Sanchez,Germany,15,Yes,20.2,Yes
409,410,Robert Hines,Morocco,7,Yes,9.9,No
410,411,Micheal Williams,Japan,9,No,8.2,Yes
411,412,Abigail Coffey,India,6,Yes,7.6,No
412,413,Willie Hunt,United States,13,Yes,14.4,No
413,414,Lauren Bowman,Japan,18,Yes,20.5,Yes
414,415,Justin Miller,India,19,No,20.7,Yes
415,416,Amanda Cochran,Germany,11,Yes,14.6,No
416,417,Sarah Hunter,Japan,8,Yes,8.3,Yes
417,418,Brandon Kemp,Canada,8,Yes,8.0,No
418,419,Jodi Galloway,United Kingdom,20,No,23.4,Yes
419,420,Marvin Lucero,Germany,14,Yes,11.6,No
420,421,Tammy Cowan,Canada,17,Yes,25.3,Yes
421,422,Robin Davis,Canada,6,Yes,4.8,No
422,423,Shane Herman,China,14,Yes,20.5,Yes
423,424,Joshua Fitzpatrick,India,9,Yes,12.0,No
424,425,Lynn Ryan,United Kingdom,14,Yes,14.4,No
425,426,Edward Bush MD,Germany,5,Yes,5.7,No
426,427,James Massey,Germany,18,Yes,16.6,Yes
427,428,Andrea Johnson,Morocco,17,Yes,19.9,Yes
428,429,Bill Monroe,France,12,Yes,13.8,No
429,430,Mackenzie Powers,China,16,Yes,13.6,Yes
430,431,Kimberly Potter,Spain,6,No,6.6,No
431,432,Justin Stewart,France,19,Yes,27.5,Yes
432,433,Kevin Werner Jr.,Japan,15,Yes,18.0,Yes
433,434,Tracy Cantu,Japan,17,Yes,22.0,Yes
434,435,Rodney Sullivan,Germany,18,No,18.0,Yes
435,436,Kristin Peters,India,17,Yes,13.8,Yes
436,437,Hannah Williams DVM,Australia,15,No,13.8,Yes
437,438,John Williams,Germany,19,Yes,26.3,Yes
438,439,David Stevenson,United States,16,No,13.8,Yes
439,440,Joyce Archer,Canada,8,Yes,7.8,No
440,441,James Graham,Japan,17,Yes,19.8,Yes
441,442,Brian Gutierrez,Italy,17,Yes,24.0,Yes
442,443,Joseph Jones,Germany,15,No,14.3,Yes
443,444,Lisa Torres,United States,10,No,8.5,No
444,445,Scott Barker,United States,8,Yes,9.4,No
445,446,Hannah Jones,Spain,11,No,15.8,Yes
446,447,Jack Mills,United Kingdom,16,No,16.7,Yes
447,448,Joseph Ortiz,Japan,9,No,8.7,No
448,449,Kelly Hurley,Germany,9,Yes,8.8,No
449,450,Christopher Miller,United Kingdom,10,Yes,12.2,Yes
450,451,Evan Bailey,China,7,Yes,6.5,Yes
451,452,Diana Johnson,Australia,20,Yes,22.5,Yes
452,453,Marcus Sanchez,India,19,Yes,24.3,Yes
453,454,Gina Ford,China,15,No,21.1,Yes
454,455,Sean Walker,Italy,15,Yes,13.6,Yes
455,456,Jacqueline Bradley,India,7,Yes,7.9,No
456,457,Angela Torres,United States,14,No,19.0,Yes
457,458,Seth Summers MD,Canada,6,Yes,6.3,No
458,459,Melissa Le,Canada,7,Yes,7.1,No
459,460,Anna Vaughan,China,19,No,15.7,Yes
460,461,Kenneth Vargas,United Kingdom,16,No,22.1,Yes
461,462,Cindy Moore,India,7,No,8.8,No
462,463,Tanya Griffith,United States,7,Yes,8.6,Yes
463,464,Matthew Oconnell,Spain,17,Yes,19.1,Yes
464,465,Jennifer Smith,Morocco,6,No,6.7,No
465,466,Matthew Martin,India,11,Yes,11.3,No
466,467,Erin Cervantes,United Kingdom,20,No,23.0,Yes
467,468,Kimberly Turner,Italy,6,Yes,6.7,No
468,469,Julie Clark,United Kingdom,15,Yes,22.3,Yes
469,470,Michael Roberts,United States,7,Yes,8.1,No
470,471,Kathleen Sutton,Germany,10,Yes,8.3,No
471,472,Nicole Ward,Spain,19,No,28.4,Yes
472,473,Timothy Kane,United States,10,Yes,10.5,Yes
473,474,Christine Gardner,Spain,14,Yes,15.0,No
474,475,Jessica Freeman PhD,France,15,No,19.1,Yes
475,476,Jodi Henry,Japan,6,No,8.1,No
476,477,Scott Harris,France,15,Yes,12.7,Yes
477,478,Michelle Gardner,Japan,8,Yes,9.5,No
478,479,Daniel Roman,Canada,17,Yes,17.0,Yes
479,480,Melissa Maynard,Spain,9,Yes,9.3,No
480,481,Bailey Wilson,India,9,Yes,13.0,No
481,482,James White,Italy,14,Yes,20.7,Yes
482,483,Michael Scott,Morocco,17,Yes,15.1,Yes
483,484,Steven Hayes,China,7,No,7.1,No
484,485,Dawn Garcia,United Kingdom,17,Yes,21.3,Yes
485,486,Mary Nichols,France,15,No,20.5,Yes
486,487,James Mcclain,United Kingdom,7,No,8.8,No
487,488,Steven Kelly,United Kingdom,18,Yes,20.8,Yes
488,489,Amber Smith,Italy,5,Yes,5.3,Yes
489,490,Robert Hicks,United States,10,Yes,14.7,No
490,491,Anthony Mckay,United Kingdom,15,Yes,22.0,Yes
491,492,Nicole Chang,China,20,Yes,18.7,Yes
492,493,Jennifer Cain,Spain,9,No,8.2,No
493,494,Ashley Lee,Italy,14,No,19.5,Yes
494,495,Kevin Johnson,Japan,8,Yes,9.2,No
495,496,Stephen Medina,China,6,No,7.6,No
496,497,Nancy Johnson,France,9,Yes,11.0,No
497,498,Christina Massey,Germany,9,Yes,8.2,Yes
498,499,Rhonda Reid,United Kingdom,10,No,13.0,Yes
499,500,Daniel Russell,China,6,No,6.5,No
