,age,numclaims
0,3,0
1,0,0
2,2,0
3,3,1
4,0,0
5,1,0
6,1,0
7,3,0
8,0,0
9,2,0
10,2,0
11,1,0
12,2,0
13,1,0
14,1,0
15,1,0
16,1,0
17,1,0
18,0,0
19,3,0
20,0,0
21,2,0
22,2,0
23,1,0
24,0,0
25,2,1
26,3,0
27,1,0
28,2,0
29,1,0
30,1,0
31,1,0
32,3,0
33,1,0
34,1,0
35,1,0
36,1,0
37,1,0
38,0,0
39,2,1
40,1,0
41,1,0
42,1,0
43,1,0
44,1,0
45,1,0
46,1,0
47,0,0
48,0,0
49,2,0
50,1,1
51,1,0
52,2,0
53,1,0
54,3,0
55,3,0
56,0,0
57,2,0
58,2,0
59,2,1
60,3,0
61,2,0
62,1,0
63,1,0
64,1,0
65,2,0
66,3,0
67,1,0
68,1,0
69,1,0
70,2,0
71,1,0
72,1,0
73,1,0
74,0,0
75,1,0
76,1,0
77,3,0
78,2,0
79,3,0
80,3,0
81,1,0
82,1,0
83,3,0
84,1,0
85,1,0
86,1,0
87,1,0
88,3,0
89,1,0
90,1,0
91,1,0
92,1,0
93,1,0
94,1,0
95,3,0
96,3,0
97,3,0
98,2,0
99,1,0
100,1,0
101,3,0
102,1,0
103,2,0
104,2,0
105,1,0
106,1,0
107,1,0
108,0,0
109,1,0
110,0,0
111,3,0
112,1,0
113,2,0
114,3,0
115,0,0
116,0,0
117,2,0
118,3,0
119,1,0
120,2,0
121,1,0
122,3,0
123,1,1
124,0,0
125,2,0
126,3,0
127,0,0
128,2,0
129,1,0
130,0,0
131,1,0
132,2,0
133,2,0
134,0,0
135,2,0
136,1,0
137,1,0
138,0,0
139,1,0
140,2,0
141,2,0
142,0,0
143,1,0
144,0,0
145,0,0
146,1,0
147,1,0
148,1,0
149,0,0
150,2,0
151,0,0
152,2,0
153,0,0
154,3,0
155,1,0
156,1,0
157,1,0
158,1,0
159,1,0
160,1,0
161,2,0
162,1,0
163,0,0
164,2,1
165,2,0
166,1,0
167,1,1
168,2,0
169,1,0
170,2,0
171,3,0
172,3,0
173,3,0
174,1,0
175,2,0
176,1,0
177,1,0
178,1,0
179,0,0
180,1,0
181,3,0
182,1,0
183,0,0
184,0,0
185,1,0
186,1,0
187,1,0
188,0,0
189,3,0
190,0,0
191,2,0
192,1,0
193,2,0
194,2,0
195,1,0
196,0,0
197,0,0
198,2,0
199,0,0
200,2,0
201,1,0
202,1,0
203,2,0
204,3,0
205,1,0
206,0,1
207,2,0
208,0,0
209,0,0
210,1,0
211,3,0
212,1,0
213,2,0
214,1,0
215,3,0
216,3,0
217,3,1
218,3,0
219,1,0
220,1,0
221,3,0
222,2,1
223,0,0
224,1,0
225,1,0
226,1,0
227,0,0
228,0,0
229,3,0
230,1,0
231,1,0
232,0,0
233,2,0
234,3,0
235,0,0
236,3,0
237,0,0
238,2,0
239,2,1
240,0,0
241,0,0
242,0,0
243,0,1
244,1,0
245,3,0
246,1,0
247,2,0
248,1,0
249,1,0
250,1,0
251,1,0
252,1,0
253,0,0
254,2,0
255,1,0
256,2,0
257,0,0
258,1,0
259,0,0
260,1,0
261,2,0
262,1,0
263,1,0
264,2,0
265,1,0
266,0,0
267,1,0
268,1,0
269,3,0
270,1,0
271,1,0
272,0,0
273,2,0
274,0,0
275,0,0
276,0,0
277,1,1
278,3,0
279,3,0
280,2,0
281,1,0
282,2,0
283,2,0
284,3,0
285,2,0
286,3,0
287,3,0
288,3,3
289,2,0
290,2,0
291,0,0
292,1,0
293,3,0
294,0,0
295,1,0
296,1,0
297,2,0
298,1,0
299,2,0
300,1,0
301,1,0
302,0,0
303,1,0
304,2,0
305,0,0
306,0,0
307,0,0
308,0,0
309,2,0
310,1,0
311,1,0
312,1,0
313,0,0
314,1,0
315,3,0
316,0,0
317,1,0
318,3,0
319,2,0
320,3,0
321,1,0
322,3,0
323,1,0
324,3,0
325,3,0
326,0,0
327,1,0
328,1,0
329,1,0
330,1,0
331,1,0
332,1,0
333,1,0
334,1,0
335,3,1
336,1,0
337,1,0
338,1,0
339,0,0
340,1,0
341,1,0
342,2,0
343,3,0
344,1,0
345,0,0
346,3,0
347,3,0
348,1,0
349,3,0
350,1,0
351,0,1
352,1,0
353,1,0
354,0,0
355,2,0
356,1,0
357,1,0
358,1,0
359,1,0
360,0,0
361,1,0
362,0,0
363,1,0
364,0,0
365,0,0
366,2,0
367,1,0
368,0,0
369,3,0
370,0,0
371,1,0
372,1,0
373,1,0
374,1,0
375,1,0
376,0,0
377,1,1
378,1,0
379,1,0
380,1,1
381,1,0
382,1,0
383,0,0
384,3,0
385,3,0
386,3,0
387,1,0
388,3,0
389,3,0
390,2,0
391,3,0
392,2,0
393,2,0
394,1,0
395,2,0
396,1,1
397,1,0
398,1,0
399,2,0
400,2,0
401,0,0
402,2,0
403,1,1
404,0,0
405,1,0
406,1,0
407,1,0
408,1,0
409,3,0
410,1,0
411,1,0
412,1,0
413,2,0
414,1,0
415,1,0
416,2,0
417,0,0
418,1,0
419,1,0
420,1,0
421,0,0
422,3,0
423,1,0
424,0,0
425,0,0
426,1,0
427,1,0
428,0,0
429,1,0
430,3,0
431,2,0
432,3,0
433,0,0
434,2,0
435,0,0
436,1,0
437,2,0
438,1,0
439,3,0
440,3,0
441,1,0
442,1,0
443,1,0
444,1,0
445,2,0
446,3,0
447,1,0
448,3,0
449,2,0
450,3,0
451,1,0
452,0,0
453,2,0
454,2,0
455,1,0
456,1,0
457,0,0
458,1,1
459,2,0
460,0,0
461,3,0
462,3,0
463,1,0
464,1,0
465,3,0
466,1,0
467,1,0
468,2,0
469,0,0
470,0,0
471,1,0
472,0,0
473,1,0
474,2,0
475,0,1
476,0,0
477,0,1
478,1,0
479,1,0
480,1,0
481,1,1
482,0,0
483,1,0
484,0,0
485,1,0
486,0,0
487,1,0
488,1,0
489,0,0
490,2,0
491,3,0
492,0,0
493,0,0
494,1,1
495,1,0
496,1,1
497,1,0
498,1,0
499,1,0
500,3,1
501,2,0
502,0,0
503,3,0
504,1,0
505,2,0
506,0,0
507,3,0
508,3,0
509,2,0
510,1,0
511,2,0
512,1,0
513,3,0
514,1,0
515,1,0
516,1,0
517,0,0
518,0,0
519,1,0
520,1,0
521,2,0
522,1,1
523,0,0
524,1,0
525,3,0
526,3,0
527,3,0
528,1,0
529,2,0
530,2,1
531,0,0
532,1,0
533,1,0
534,1,0
535,1,0
536,1,0
537,1,0
538,3,0
539,3,0
540,2,1
541,2,0
542,1,0
543,1,0
544,1,0
545,3,0
546,1,0
547,2,0
548,1,0
549,3,0
550,1,0
551,1,0
552,1,0
553,2,0
554,0,0
555,0,0
556,0,0
557,1,0
558,1,0
559,1,0
560,0,0
561,1,0
562,1,0
563,3,0
564,0,0
565,1,0
566,0,0
567,1,0
568,2,0
569,1,0
570,1,0
571,1,0
572,0,0
573,0,0
574,2,0
575,1,0
576,0,0
577,1,0
578,1,0
579,3,0
580,1,0
581,1,0
582,2,0
583,1,0
584,1,0
585,1,0
586,2,0
587,3,0
588,1,0
589,3,0
590,2,0
591,1,0
592,0,0
593,0,0
594,0,0
595,1,0
596,1,0
597,1,0
598,3,0
599,2,0
600,2,0
601,1,0
602,3,0
603,3,0
604,1,0
605,0,0
606,1,0
607,3,0
608,1,0
609,3,0
610,1,0
611,1,0
612,2,1
613,2,0
614,1,1
615,3,0
616,3,0
617,3,0
618,0,0
619,1,0
620,0,0
621,2,0
622,1,0
623,1,0
624,0,0
625,0,0
626,2,0
627,0,1
628,1,0
629,2,0
630,3,0
631,3,0
632,1,0
633,2,1
634,1,0
635,1,1
636,0,0
637,2,0
638,0,0
639,1,0
640,0,0
641,1,0
642,0,0
643,2,0
644,2,0
645,2,0
646,1,1
647,1,0
648,1,0
649,2,0
650,1,0
651,1,0
652,1,0
653,1,0
654,1,0
655,3,0
656,0,0
657,3,0
658,2,0
659,0,0
660,2,0
661,1,0
662,3,0
663,1,0
664,1,0
665,2,0
666,1,0
667,1,0
668,1,0
669,1,0
670,0,0
671,0,0
672,1,0
673,2,0
674,1,0
675,3,0
676,1,0
677,0,0
678,1,0
679,2,0
680,0,0
681,3,0
682,2,0
683,2,0
684,1,0
685,3,0
686,3,0
687,3,0
688,0,0
689,2,0
690,0,0
691,1,0
692,1,0
693,0,0
694,1,0
695,1,0
696,1,0
697,1,0
698,1,0
699,2,0
700,2,1
701,0,0
702,0,1
703,1,0
704,3,0
705,1,0
706,1,0
707,1,1
708,1,0
709,0,0
710,2,0
711,1,0
712,0,0
713,1,0
714,0,0
715,1,0
716,1,1
717,0,0
718,1,0
719,3,1
720,3,0
721,3,0
722,2,0
723,3,0
724,3,0
725,1,0
726,1,0
727,2,0
728,2,0
729,3,0
730,3,0
731,0,0
732,2,0
733,0,0
734,1,0
735,2,0
736,2,0
737,1,0
738,3,0
739,3,0
740,2,0
741,0,0
742,3,0
743,2,0
744,1,0
745,2,0
746,1,0
747,3,0
748,2,0
749,3,0
750,1,0
751,1,0
752,3,0
753,3,0
754,2,0
755,1,0
756,0,0
757,3,0
758,1,0
759,3,0
760,1,0
761,2,0
762,0,0
763,1,0
764,1,0
765,3,0
766,2,0
767,0,0
768,1,0
769,2,0
770,3,0
771,1,0
772,0,0
773,1,0
774,0,0
775,1,0
776,2,0
777,3,0
778,1,0
779,2,0
780,1,0
781,1,0
782,1,0
783,1,0
784,1,0
785,3,0
786,0,0
787,0,1
788,1,0
789,1,0
790,1,0
791,1,1
792,0,0
793,2,0
794,1,0
795,0,0
796,1,1
797,1,0
798,1,0
799,1,1
800,0,0
801,0,0
802,1,0
803,2,0
804,1,1
805,3,0
806,1,0
807,1,0
808,3,0
809,3,0
810,1,0
811,1,0
812,1,0
813,3,0
814,2,0
815,0,0
816,1,0
817,1,0
818,3,0
819,1,0
820,1,1
821,1,0
822,2,0
823,2,0
824,1,1
825,0,0
826,0,0
827,0,0
828,1,0
829,0,0
830,1,0
831,2,0
832,2,0
833,1,0
834,2,0
835,1,0
836,0,0
837,2,0
838,1,0
839,2,0
840,3,0
841,0,0
842,1,0
843,2,0
844,3,0
845,1,0
846,2,0
847,2,1
848,1,0
849,3,0
850,3,0
851,3,1
852,1,0
853,3,0
854,1,0
855,1,0
856,0,0
857,2,1
858,1,0
859,1,0
860,1,0
861,0,0
862,1,0
863,1,1
864,0,0
865,1,0
866,1,0
867,1,0
868,2,0
869,2,0
870,1,0
871,1,2
872,1,1
873,2,0
874,0,0
875,1,0
876,2,0
877,1,0
878,3,1
879,0,2
880,1,0
881,1,0
882,0,0
883,3,0
884,1,1
885,1,0
886,0,0
887,1,0
888,1,0
889,1,0
890,0,1
891,1,0
892,1,0
893,2,0
894,1,0
895,0,0
896,1,0
897,1,0
898,3,0
899,0,0
900,1,0
901,0,0
902,3,0
903,3,0
904,3,0
905,1,0
906,3,0
907,3,0
908,2,0
909,2,0
910,2,0
911,2,0
912,2,0
913,0,0
914,0,0
915,1,0
916,0,0
917,3,0
918,1,0
919,1,0
920,1,0
921,1,0
922,0,0
923,1,0
924,3,0
925,2,0
926,1,0
927,1,0
928,2,0
929,1,0
930,3,0
931,0,0
932,1,0
933,2,0
934,2,0
935,1,0
936,0,0
937,0,0
938,1,0
939,1,0
940,1,1
941,0,0
942,1,0
943,1,1
944,1,1
945,2,0
946,1,0
947,1,0
948,1,0
949,0,0
950,0,1
951,0,0
952,1,0
953,1,0
954,3,0
955,1,0
956,0,0
957,3,0
958,3,0
959,2,0
960,1,0
961,1,0
962,2,0
963,1,0
964,1,0
965,3,0
966,1,0
967,1,0
968,3,0
969,2,0
970,1,0
971,0,0
972,0,0
973,0,0
974,3,0
975,0,0
976,0,0
977,1,0
978,1,0
979,0,0
980,2,0
981,2,0
982,3,0
983,3,0
984,2,0
985,3,0
986,3,0
987,2,0
988,3,0
989,1,0
990,0,0
991,3,0
992,1,0
993,1,0
994,1,0
995,0,0
996,1,0
997,0,0
998,3,0
999,0,0
1000,1,0
1001,0,0
1002,0,0
1003,3,0
1004,1,0
1005,1,1
1006,1,0
1007,0,0
1008,1,0
1009,3,1
1010,3,0
1011,0,0
1012,1,0
1013,1,0
1014,1,0
1015,0,0
1016,2,0
1017,3,0
1018,0,0
1019,0,0
1020,1,0
1021,0,0
1022,2,0
1023,0,0
1024,0,0
1025,0,0
1026,2,0
1027,1,0
1028,1,0
1029,1,0
1030,0,0
1031,0,0
1032,1,0
1033,0,1
1034,1,0
1035,2,0
1036,2,0
1037,1,0
1038,1,0
1039,3,0
1040,2,0
1041,1,0
1042,3,0
1043,3,0
1044,2,0
1045,0,0
1046,1,0
1047,1,0
1048,1,0
1049,1,0
1050,0,0
1051,1,0
1052,0,0
1053,1,1
1054,0,0
1055,3,0
1056,2,0
1057,2,0
1058,1,0
1059,2,0
1060,1,0
1061,3,0
1062,0,0
1063,0,0
1064,3,0
1065,2,0
1066,1,0
1067,1,0
1068,1,0
1069,2,0
1070,0,0
1071,1,0
1072,0,0
1073,1,0
1074,0,0
1075,0,0
1076,0,0
1077,1,0
1078,1,0
1079,1,0
1080,0,0
1081,1,0
1082,1,0
1083,1,0
1084,1,0
1085,1,0
1086,0,0
1087,1,0
1088,1,0
1089,0,0
1090,3,0
1091,0,0
1092,1,0
1093,0,0
1094,3,0
1095,0,0
1096,1,0
1097,1,1
1098,1,0
1099,1,0
1100,3,0
1101,3,0
1102,1,0
1103,1,0
1104,0,0
1105,0,0
1106,0,0
1107,1,0
1108,1,0
1109,1,0
1110,0,0
1111,0,0
1112,2,0
1113,1,0
1114,1,0
1115,3,0
1116,3,0
1117,3,1
1118,1,0
1119,2,0
1120,2,0
1121,1,0
1122,1,0
1123,2,0
1124,2,0
1125,1,0
1126,1,0
1127,3,0
1128,2,0
1129,1,0
1130,2,0
1131,1,0
1132,1,0
1133,3,0
1134,1,0
1135,1,0
1136,1,0
1137,1,0
1138,0,0
1139,1,0
1140,2,0
1141,1,0
1142,0,0
1143,0,0
1144,0,0
1145,1,0
1146,0,0
1147,1,0
1148,0,0
1149,1,0
1150,0,0
1151,1,0
1152,1,0
1153,3,1
1154,2,0
1155,1,0
1156,0,1
1157,1,0
1158,0,0
1159,1,0
1160,0,0
1161,0,0
1162,0,0
1163,0,0
1164,1,0
1165,0,1
1166,0,0
1167,0,0
1168,1,0
1169,1,0
1170,1,0
1171,1,0
1172,1,0
1173,2,1
1174,2,1
1175,2,0
1176,2,0
1177,2,1
1178,3,0
1179,2,0
1180,3,0
1181,3,0
1182,0,1
1183,1,0
1184,1,0
1185,2,0
1186,1,0
1187,2,0
1188,1,0
1189,0,0
1190,1,0
1191,3,0
1192,0,1
1193,1,0
1194,0,0
1195,1,0
1196,1,0
1197,1,0
1198,1,0
1199,0,0
1200,1,0
1201,1,0
1202,1,0
1203,2,0
1204,1,0
1205,0,1
1206,1,0
1207,1,0
1208,3,1
1209,3,0
1210,1,0
1211,0,0
1212,3,0
1213,0,0
1214,2,0
1215,1,0
1216,1,0
1217,0,0
1218,1,0
1219,2,0
1220,0,1
1221,1,0
1222,0,0
1223,1,0
1224,1,0
1225,0,0
1226,2,0
1227,2,0
1228,1,0
1229,3,0
1230,0,0
1231,1,0
1232,0,1
1233,1,1
1234,2,0
1235,1,1
1236,0,0
1237,1,0
1238,1,0
1239,2,0
1240,0,0
1241,0,1
1242,0,0
1243,1,1
1244,3,0
1245,1,0
1246,2,0
1247,2,0
1248,1,0
1249,1,0
1250,2,1
1251,1,0
1252,1,0
1253,1,0
1254,3,0
1255,1,0
1256,1,1
1257,0,0
1258,1,0
1259,1,0
1260,3,0
1261,1,0
1262,0,0
1263,3,0
1264,1,0
1265,0,0
1266,3,0
1267,1,0
1268,2,0
1269,2,0
1270,0,0
1271,3,0
1272,1,0
1273,0,0
1274,2,0
1275,1,0
1276,1,1
1277,2,0
1278,0,0
1279,1,0
1280,1,0
1281,1,0
1282,1,0
1283,2,0
1284,1,0
1285,2,0
1286,2,0
1287,3,0
1288,1,0
1289,3,0
1290,2,0
1291,1,0
1292,1,0
1293,1,0
1294,1,0
1295,1,0
1296,3,0
1297,1,0
1298,3,0
1299,1,1
1300,3,0
1301,3,0
1302,3,0
1303,2,0
1304,1,0
1305,2,0
1306,1,0
1307,3,0
1308,2,0
1309,0,0
1310,0,0
1311,1,0
1312,1,0
1313,0,0
1314,2,0
1315,1,0
1316,3,0
1317,1,0
1318,2,0
1319,2,0
1320,3,0
1321,1,1
1322,2,0
1323,1,0
1324,1,0
1325,0,0
1326,1,0
1327,3,0
1328,2,0
1329,1,0
1330,1,0
1331,1,0
1332,3,0
1333,3,0
1334,1,0
1335,2,0
1336,1,0
1337,1,0
1338,1,0
1339,3,0
1340,1,0
1341,2,0
1342,2,0
1343,1,0
1344,0,0
1345,0,0
1346,1,0
1347,0,0
1348,1,0
1349,1,0
1350,1,0
1351,1,0
1352,0,0
1353,0,0
1354,1,0
1355,0,0
1356,3,0
1357,1,1
1358,1,0
1359,1,0
1360,1,0
1361,2,0
1362,1,0
1363,1,0
1364,3,0
1365,1,0
1366,1,0
1367,1,0
1368,2,0
1369,1,0
1370,1,0
1371,0,0
1372,1,0
1373,3,0
1374,3,0
1375,3,0
1376,3,0
1377,3,0
1378,0,0
1379,3,0
1380,3,0
1381,1,0
1382,2,0
1383,0,0
1384,1,1
1385,3,0
1386,3,0
1387,3,0
1388,0,0
1389,1,0
1390,3,0
1391,1,0
1392,3,0
1393,3,0
1394,1,1
1395,1,0
1396,1,0
1397,1,0
1398,1,0
1399,1,0
1400,1,0
1401,3,0
1402,1,0
1403,2,0
1404,1,0
1405,1,0
1406,0,0
1407,1,0
1408,1,0
1409,1,0
1410,0,0
1411,2,0
1412,1,0
1413,2,0
1414,1,0
1415,1,0
1416,0,0
1417,2,0
1418,3,0
1419,2,0
1420,1,1
1421,0,0
1422,1,0
1423,1,0
1424,1,0
1425,0,0
1426,1,0
1427,2,0
1428,1,0
1429,1,0
1430,3,0
1431,1,0
1432,1,0
1433,0,0
1434,0,0
1435,1,0
1436,1,0
1437,1,0
1438,1,0
1439,0,0
1440,0,0
1441,0,0
1442,1,0
1443,0,0
1444,1,0
1445,0,0
1446,0,0
1447,1,0
1448,0,0
1449,2,0
1450,3,0
1451,0,0
1452,3,0
1453,3,0
1454,0,0
1455,3,0
1456,1,1
1457,2,0
1458,3,0
1459,1,0
1460,1,0
1461,1,0
1462,0,0
1463,3,0
1464,1,0
1465,0,0
1466,1,0
1467,1,0
1468,1,0
1469,0,0
1470,2,0
1471,3,0
1472,3,0
1473,0,0
1474,3,0
1475,0,0
1476,2,0
1477,1,0
1478,1,0
1479,0,0
1480,1,0
1481,0,0
1482,0,0
1483,1,0
1484,1,0
1485,0,1
1486,2,0
1487,0,0
1488,1,0
1489,1,0
1490,1,0
1491,0,1
1492,1,0
1493,1,0
1494,1,0
1495,2,1
1496,1,0
1497,1,0
1498,1,0
1499,0,0
1500,1,0
1501,1,0
1502,1,0
1503,1,1
1504,1,0
1505,0,0
1506,1,0
1507,1,0
1508,0,0
1509,1,0
1510,0,0
1511,1,0
1512,1,0
1513,0,0
1514,1,0
1515,3,0
1516,0,0
1517,0,0
1518,1,1
1519,1,0
1520,0,0
1521,2,0
1522,1,0
1523,1,0
1524,0,0
1525,0,0
1526,1,0
1527,3,0
1528,2,0
1529,2,0
1530,3,0
1531,1,0
1532,0,0
1533,0,0
1534,1,0
1535,1,0
1536,2,0
1537,3,0
1538,2,0
1539,0,0
1540,1,0
1541,2,0
1542,1,0
1543,1,3
1544,1,0
1545,2,0
1546,1,1
1547,0,0
1548,0,0
1549,3,1
1550,1,0
1551,0,0
1552,0,0
1553,1,0
1554,0,0
1555,3,0
1556,1,0
1557,1,0
1558,1,0
1559,1,0
1560,1,1
1561,1,0
1562,1,0
1563,0,0
1564,2,0
1565,1,0
1566,0,0
1567,0,1
1568,0,0
1569,0,0
1570,1,0
1571,0,0
1572,2,0
1573,1,0
1574,3,0
1575,1,0
1576,1,0
1577,1,0
1578,3,0
1579,3,0
1580,1,0
1581,2,0
1582,3,0
1583,3,0
1584,2,0
1585,3,0
1586,3,0
1587,1,0
1588,2,0
1589,1,0
1590,3,0
1591,1,0
1592,0,0
1593,2,0
1594,0,0
1595,2,0
1596,1,1
1597,3,1
1598,1,0
1599,2,0
1600,2,0
1601,3,0
1602,1,0
1603,2,1
1604,1,0
1605,3,1
1606,3,0
1607,1,0
1608,0,0
1609,2,0
1610,1,0
1611,1,0
1612,3,0
1613,1,0
1614,1,0
1615,1,0
1616,0,0
1617,1,0
1618,3,0
1619,0,0
1620,1,0
1621,1,1
1622,1,0
1623,1,0
1624,3,0
1625,1,0
1626,1,0
1627,1,0
1628,1,0
1629,0,0
1630,2,0
1631,1,0
1632,0,0
1633,2,0
1634,1,0
1635,2,0
1636,1,0
1637,1,0
1638,1,0
1639,3,0
1640,0,0
1641,1,0
1642,1,0
1643,0,0
1644,1,0
1645,1,0
1646,0,0
1647,3,0
1648,0,0
1649,0,0
1650,0,0
1651,0,0
1652,1,0
1653,0,0
1654,1,0
1655,0,1
1656,0,0
1657,0,0
1658,2,1
1659,2,0
1660,1,0
1661,0,0
1662,3,0
1663,1,0
1664,3,0
1665,3,0
1666,1,0
1667,2,0
1668,0,0
1669,1,0
1670,3,0
1671,2,0
1672,3,1
1673,2,0
1674,2,0
1675,1,1
1676,2,0
1677,2,0
1678,3,0
1679,3,0
1680,0,0
1681,1,0
1682,3,0
1683,1,0
1684,1,0
1685,1,0
1686,1,0
1687,1,0
1688,1,0
1689,2,0
1690,1,0
1691,1,1
1692,1,0
1693,0,0
1694,0,0
1695,0,0
1696,1,0
1697,0,0
1698,1,0
1699,1,0
1700,0,0
1701,2,0
1702,1,0
1703,3,0
1704,2,0
1705,0,0
1706,1,0
1707,2,0
1708,1,1
1709,0,0
1710,1,0
1711,0,0
1712,0,1
1713,1,0
1714,1,0
1715,3,0
1716,1,0
1717,1,0
1718,1,0
1719,2,0
1720,2,0
1721,0,0
1722,2,0
1723,2,0
1724,1,0
1725,1,0
1726,1,0
1727,3,0
1728,1,0
1729,1,0
1730,2,0
1731,1,0
1732,3,0
1733,0,0
1734,1,0
1735,0,0
1736,0,0
1737,1,0
1738,0,0
1739,2,0
1740,1,0
1741,0,0
1742,0,0
1743,1,0
1744,1,0
1745,0,0
1746,1,0
1747,3,0
1748,1,0
1749,0,0
1750,0,0
1751,0,0
1752,1,0
1753,1,0
1754,3,0
1755,0,0
1756,1,0
1757,2,0
1758,1,0
1759,1,0
1760,0,0
1761,1,0
1762,0,0
1763,1,0
1764,1,0
1765,3,0
1766,2,0
1767,1,0
1768,0,0
1769,0,0
1770,3,0
1771,2,0
1772,1,0
1773,2,0
1774,1,0
1775,1,0
1776,2,0
1777,1,0
1778,1,0
1779,1,0
1780,3,0
1781,2,1
1782,1,1
1783,1,0
1784,1,0
1785,2,0
1786,2,0
1787,1,0
1788,2,0
1789,1,0
1790,3,0
1791,3,0
1792,3,0
1793,3,0
1794,1,0
1795,2,0
1796,1,0
1797,3,0
1798,1,0
1799,1,1
1800,1,0
1801,1,0
1802,1,0
1803,1,0
1804,1,0
1805,2,0
1806,3,0
1807,3,1
1808,1,0
1809,3,0
1810,1,0
1811,2,0
1812,0,0
1813,0,0
1814,1,0
1815,3,0
1816,1,0
1817,1,0
1818,2,1
1819,1,0
1820,1,0
1821,0,0
1822,1,0
1823,3,0
1824,1,0
1825,2,0
1826,2,0
1827,1,0
1828,1,0
1829,1,0
1830,0,0
1831,2,0
1832,1,0
1833,1,0
1834,2,0
1835,1,0
1836,2,0
1837,2,0
1838,0,0
1839,1,0
1840,2,0
1841,0,0
1842,1,0
1843,0,0
1844,0,0
1845,1,1
1846,1,0
1847,1,2
1848,1,0
1849,1,0
1850,0,0
1851,0,3
1852,0,1
1853,0,0
1854,1,0
1855,0,0
1856,1,0
1857,1,0
1858,0,0
1859,0,0
1860,1,0
1861,2,0
1862,1,0
1863,1,0
1864,0,0
1865,2,0
1866,3,0
1867,1,0
1868,2,0
1869,1,1
1870,2,0
1871,1,0
1872,1,0
1873,0,0
1874,0,0
1875,2,0
1876,1,0
1877,1,0
1878,2,0
1879,3,0
1880,1,0
1881,2,0
1882,2,0
1883,2,0
1884,1,0
1885,0,0
1886,0,0
1887,3,0
1888,1,1
1889,1,0
1890,1,0
1891,1,0
1892,0,1
1893,1,0
1894,1,0
1895,1,0
1896,2,0
1897,2,0
1898,1,0
1899,0,2
1900,1,0
1901,0,0
1902,1,0
1903,2,0
1904,3,0
1905,0,0
1906,0,0
1907,3,0
1908,1,1
1909,2,0
1910,1,0
1911,1,0
1912,1,0
1913,1,1
1914,1,0
1915,1,0
1916,1,0
1917,0,0
1918,0,0
1919,0,0
1920,1,0
1921,2,0
1922,1,1
1923,2,0
1924,3,0
1925,1,0
1926,3,0
1927,2,0
1928,1,0
1929,1,0
1930,2,0
1931,1,0
1932,2,0
1933,1,0
1934,1,0
1935,0,0
1936,1,0
1937,0,0
1938,2,0
1939,2,0
1940,1,0
1941,1,0
1942,1,0
1943,1,0
1944,3,0
1945,0,0
1946,0,0
1947,1,0
1948,1,0
1949,1,0
1950,1,0
1951,2,0
1952,3,0
1953,0,0
1954,1,0
1955,0,0
1956,2,0
1957,1,0
1958,2,0
1959,1,0
1960,0,0
1961,3,1
1962,0,0
1963,2,0
1964,1,0
1965,1,0
1966,1,1
1967,2,0
1968,1,0
1969,0,0
1970,2,0
1971,1,0
1972,1,0
1973,0,0
1974,0,0
1975,1,0
1976,0,0
1977,0,0
1978,0,0
1979,0,0
1980,2,0
1981,1,0
1982,0,0
1983,2,0
1984,1,0
1985,2,0
1986,0,0
1987,1,0
1988,1,0
1989,2,0
1990,1,2
1991,0,0
1992,2,0
1993,0,0
1994,0,0
1995,2,0
1996,0,0
1997,0,0
1998,0,0
1999,2,0
2000,0,0
2001,0,0
2002,1,0
2003,1,0
2004,1,0
2005,1,0
2006,2,0
2007,0,0
2008,1,1
2009,0,0
2010,0,0
2011,2,0
2012,0,0
2013,2,0
2014,1,1
2015,2,0
2016,1,0
2017,3,0
2018,0,0
2019,1,0
2020,1,0
2021,1,0
2022,2,0
2023,1,0
2024,1,0
2025,0,0
2026,1,0
2027,1,0
2028,1,0
2029,3,0
2030,1,0
2031,0,0
2032,1,0
2033,3,0
2034,0,0
2035,0,0
2036,0,0
2037,0,0
2038,0,1
2039,2,0
2040,0,0
2041,0,0
2042,1,0
2043,1,0
2044,1,0
2045,1,0
2046,2,0
2047,0,0
2048,1,0
2049,0,0
2050,3,0
2051,1,0
2052,1,0
2053,2,0
2054,1,0
2055,1,0
2056,2,0
2057,3,0
2058,1,0
2059,2,0
2060,1,0
2061,1,0
2062,0,0
2063,2,0
2064,1,0
2065,3,0
2066,3,0
2067,1,0
2068,3,0
2069,1,0
2070,1,0
2071,2,0
2072,1,0
2073,0,0
2074,1,0
2075,1,0
2076,3,0
2077,2,0
2078,1,0
2079,0,0
2080,1,0
2081,1,0
2082,1,0
2083,2,0
2084,1,0
2085,2,1
2086,1,1
2087,1,0
2088,1,1
2089,1,0
2090,1,0
2091,3,0
2092,3,0
2093,2,0
2094,3,0
2095,1,0
2096,1,0
2097,3,0
2098,2,0
2099,3,0
2100,3,0
2101,2,1
2102,1,0
2103,1,0
2104,1,0
2105,0,0
2106,3,0
2107,1,0
2108,1,0
2109,0,0
2110,1,0
2111,2,0
2112,1,0
2113,0,0
2114,1,0
2115,0,0
2116,1,0
2117,1,0
2118,1,0
2119,1,0
2120,3,0
2121,1,0
2122,1,0
2123,0,0
2124,1,1
2125,3,1
2126,2,0
2127,1,0
2128,2,0
2129,2,0
2130,1,0
2131,0,0
2132,2,0
2133,1,0
2134,0,0
2135,2,0
2136,1,1
2137,1,1
2138,3,0
2139,3,0
2140,1,0
2141,1,0
2142,0,0
2143,1,1
2144,1,0
2145,1,0
2146,1,0
2147,2,0
2148,2,0
2149,1,0
2150,1,0
2151,1,0
2152,1,0
2153,0,0
2154,0,0
2155,2,0
2156,0,1
2157,1,0
2158,0,0
2159,1,0
2160,0,0
2161,0,0
2162,1,0
2163,3,0
2164,2,0
2165,1,0
2166,2,0
2167,0,0
2168,1,0
2169,1,0
2170,1,0
2171,0,0
2172,3,1
2173,2,0
2174,0,0
2175,2,0
2176,1,0
2177,3,0
2178,2,0
2179,0,0
2180,1,0
2181,1,0
2182,2,0
2183,3,0
2184,1,0
2185,1,0
2186,2,0
2187,1,0
2188,3,0
2189,3,0
2190,1,0
2191,3,0
2192,2,0
2193,3,1
2194,3,0
2195,3,0
2196,3,1
2197,1,0
2198,3,0
2199,2,0
2200,0,0
2201,3,0
2202,0,0
2203,1,0
2204,2,0
2205,3,0
2206,3,0
2207,1,0
2208,1,0
2209,1,0
2210,1,0
2211,1,0
2212,2,0
2213,2,0
2214,3,0
2215,0,0
2216,3,0
2217,1,0
2218,2,0
2219,1,0
2220,0,0
2221,1,0
2222,2,0
2223,2,0
2224,1,0
2225,2,0
2226,2,0
2227,1,0
2228,2,0
2229,2,0
2230,1,0
2231,1,0
2232,1,0
2233,1,0
2234,1,0
2235,2,0
2236,1,0
2237,2,0
2238,2,0
2239,1,0
2240,3,0
2241,1,1
2242,1,0
2243,2,0
2244,1,0
2245,3,0
2246,1,0
2247,3,0
2248,1,0
2249,1,2
2250,2,0
2251,2,1
2252,2,0
2253,0,0
2254,1,0
2255,1,0
2256,0,0
2257,1,0
2258,0,0
2259,2,0
2260,1,0
2261,1,0
2262,1,0
2263,2,0
2264,1,0
2265,1,0
2266,1,0
2267,1,0
2268,1,0
2269,2,0
2270,3,0
2271,3,0
2272,1,0
2273,2,0
2274,1,0
2275,2,0
2276,1,0
2277,0,0
2278,2,0
2279,1,0
2280,0,1
2281,3,0
2282,0,0
2283,2,0
2284,0,0
2285,1,1
2286,2,0
2287,1,1
2288,0,0
2289,0,0
2290,1,0
2291,1,1
2292,1,0
2293,1,0
2294,2,0
2295,3,0
2296,1,0
2297,1,0
2298,0,0
2299,0,0
2300,1,0
2301,3,0
2302,2,0
2303,3,0
2304,3,0
2305,2,0
2306,0,0
2307,1,0
2308,3,0
2309,1,0
2310,2,1
2311,2,0
2312,0,0
2313,1,0
2314,0,0
2315,3,0
2316,1,0
2317,2,0
2318,1,0
2319,1,0
2320,0,0
2321,1,0
2322,1,0
2323,1,0
2324,0,0
2325,1,0
2326,3,0
2327,2,0
2328,2,0
2329,0,0
2330,1,0
2331,3,0
2332,0,0
2333,2,0
2334,3,0
2335,1,0
2336,2,0
2337,0,0
2338,1,0
2339,3,0
2340,0,0
2341,1,0
2342,1,0
2343,1,0
2344,1,0
2345,1,0
2346,0,0
2347,1,0
2348,0,0
2349,1,0
2350,2,0
2351,0,0
2352,0,0
2353,0,0
2354,0,0
2355,1,0
2356,0,0
2357,3,0
2358,1,0
2359,1,0
2360,0,0
2361,0,0
2362,1,0
2363,0,0
2364,1,0
2365,1,0
2366,2,0
2367,0,0
2368,1,0
2369,1,0
2370,1,0
2371,2,0
2372,0,0
2373,1,0
2374,1,0
2375,2,0
2376,1,0
2377,1,0
2378,1,1
2379,1,0
2380,0,0
2381,3,1
2382,2,0
2383,1,0
2384,1,0
2385,1,0
2386,1,0
2387,2,0
2388,1,0
2389,3,0
2390,3,0
2391,3,0
2392,1,0
2393,0,0
2394,1,0
2395,3,0
2396,1,0
2397,1,0
2398,3,0
2399,1,0
2400,0,0
2401,0,0
2402,1,1
2403,1,0
2404,1,0
2405,1,0
2406,1,0
2407,1,0
2408,1,0
2409,2,0
2410,0,0
2411,2,0
2412,1,0
2413,1,0
2414,3,0
2415,1,0
2416,0,0
2417,0,0
2418,2,0
2419,2,0
2420,0,0
2421,2,0
2422,0,0
2423,1,0
2424,1,0
2425,2,0
2426,0,0
2427,1,0
2428,2,0
2429,1,0
2430,0,0
2431,0,0
2432,1,0
2433,1,0
2434,3,0
2435,2,0
2436,1,0
2437,1,0
2438,1,0
2439,1,0
2440,1,0
2441,2,1
2442,1,0
2443,1,0
2444,0,0
2445,0,0
2446,1,0
2447,2,0
2448,0,0
2449,0,0
2450,1,0
2451,0,0
2452,0,0
2453,0,0
2454,2,0
2455,1,1
2456,2,0
2457,1,0
2458,2,1
2459,1,0
2460,3,0
2461,0,1
2462,0,0
2463,0,0
2464,3,0
2465,1,0
2466,0,0
2467,3,0
2468,0,0
2469,1,0
2470,1,0
2471,0,0
2472,1,0
2473,0,0
2474,0,0
2475,1,0
2476,1,0
2477,1,0
2478,1,0
2479,1,0
2480,1,0
2481,1,0
2482,0,1
2483,3,0
2484,0,0
2485,2,0
2486,1,0
2487,1,0
2488,0,0
2489,2,0
2490,0,0
2491,0,0
2492,1,0
2493,1,0
2494,1,0
2495,0,0
2496,2,0
2497,2,0
2498,0,0
2499,0,0
2500,0,0
2501,1,0
2502,0,0
2503,1,0
2504,1,0
2505,1,2
2506,2,0
2507,0,0
2508,0,0
2509,1,0
2510,1,0
2511,0,1
2512,1,0
2513,3,0
2514,3,0
2515,1,0
2516,1,0
2517,1,0
2518,1,0
2519,1,0
2520,1,0
2521,2,0
2522,3,0
2523,3,0
2524,1,0
2525,2,0
2526,1,0
2527,1,0
2528,0,0
2529,2,0
2530,2,0
2531,2,0
2532,1,0
2533,1,0
2534,2,0
2535,0,0
2536,3,0
2537,0,0
2538,1,0
2539,1,0
2540,2,0
2541,1,0
2542,2,0
2543,1,0
2544,2,0
2545,1,0
2546,2,0
2547,3,0
2548,3,0
2549,2,0
2550,0,0
2551,2,0
2552,1,0
2553,2,0
2554,0,0
2555,0,0
2556,0,0
2557,2,0
2558,0,0
2559,0,0
2560,0,0
2561,2,0
2562,1,0
2563,0,0
2564,0,0
2565,2,0
2566,1,0
2567,1,0
2568,3,0
2569,0,0
2570,1,0
2571,0,0
2572,2,0
2573,3,0
2574,1,0
2575,3,0
2576,1,0
2577,3,0
2578,1,1
2579,1,0
2580,2,0
2581,2,0
2582,0,0
2583,1,0
2584,1,0
2585,1,0
2586,2,0
2587,2,0
2588,0,1
2589,1,0
2590,0,0
2591,0,0
2592,0,0
2593,2,0
2594,2,0
2595,0,0
2596,0,0
2597,1,0
2598,1,0
2599,3,0
2600,0,0
2601,0,0
2602,3,0
2603,0,0
2604,3,0
2605,1,0
2606,1,0
2607,2,0
2608,0,0
2609,1,0
2610,1,0
2611,1,0
2612,0,0
2613,1,0
2614,1,0
2615,1,0
2616,1,0
2617,2,0
2618,0,0
2619,0,0
2620,1,0
2621,1,0
2622,1,0
2623,1,0
2624,2,0
2625,3,0
2626,3,0
2627,3,0
2628,3,0
2629,0,0
2630,2,0
2631,2,0
2632,1,0
2633,1,0
2634,0,0
2635,3,0
2636,1,0
2637,1,0
2638,1,0
2639,1,0
2640,1,0
2641,0,1
2642,0,0
2643,0,0
2644,1,0
2645,0,1
2646,0,0
2647,1,0
2648,1,0
2649,0,0
2650,0,0
2651,0,0
2652,0,0
2653,1,0
2654,0,0
2655,0,0
2656,0,0
2657,0,0
2658,0,0
2659,1,0
2660,1,1
2661,3,0
2662,1,0
2663,1,0
2664,3,0
2665,2,0
2666,0,0
2667,2,1
2668,0,0
2669,3,0
2670,1,0
2671,3,0
2672,3,0
2673,3,0
2674,1,0
2675,2,0
2676,1,0
2677,2,0
2678,3,0
2679,3,0
2680,2,0
2681,1,0
2682,1,0
2683,0,0
2684,3,0
2685,1,0
2686,1,0
2687,1,0
2688,1,0
2689,3,0
2690,1,0
2691,2,0
2692,0,0
2693,1,0
2694,1,0
2695,0,0
2696,2,0
2697,0,0
2698,1,0
2699,2,2
2700,0,0
2701,0,0
2702,3,0
2703,0,1
2704,2,0
2705,1,1
2706,1,0
2707,1,0
2708,2,0
2709,1,0
2710,2,0
2711,1,0
2712,2,0
2713,2,0
2714,1,0
2715,1,0
2716,0,0
2717,1,0
2718,1,0
2719,2,0
2720,1,0
2721,1,0
2722,1,0
2723,2,0
2724,0,0
2725,0,1
2726,1,0
2727,3,0
2728,3,0
2729,1,0
2730,2,0
2731,2,0
2732,1,0
2733,2,0
2734,1,0
2735,3,0
2736,2,0
2737,2,0
2738,0,0
2739,0,0
2740,1,0
2741,2,0
2742,1,0
2743,1,0
2744,3,0
2745,2,0
2746,0,0
2747,3,0
2748,1,0
2749,1,0
2750,2,0
2751,2,0
2752,0,0
2753,1,0
2754,0,1
2755,0,0
2756,1,0
2757,1,0
2758,2,1
2759,1,0
2760,1,0
2761,3,0
2762,2,0
2763,2,0
2764,3,0
2765,3,0
2766,0,0
2767,1,0
2768,0,0
2769,3,0
2770,2,0
2771,3,0
2772,1,1
2773,3,0
2774,1,0
2775,0,0
2776,2,0
2777,3,0
2778,1,0
2779,1,0
2780,1,0
2781,2,0
2782,3,0
2783,1,0
2784,0,0
2785,1,0
2786,2,0
2787,1,1
2788,2,0
2789,1,0
2790,3,0
2791,3,0
2792,3,0
2793,1,0
2794,1,0
2795,0,0
2796,0,0
2797,1,0
2798,1,0
2799,0,0
2800,1,0
2801,2,0
2802,1,0
2803,0,0
2804,2,0
2805,0,0
2806,2,0
2807,1,0
2808,1,0
2809,0,0
2810,1,0
2811,1,0
2812,0,0
2813,2,0
2814,1,0
2815,1,0
2816,2,0
2817,1,0
2818,1,0
2819,1,0
2820,3,0
2821,3,0
2822,0,1
2823,2,0
2824,0,0
2825,3,0
2826,1,0
2827,3,0
2828,2,0
2829,2,0
2830,3,0
2831,1,1
2832,1,0
2833,2,0
2834,3,0
2835,1,0
2836,1,0
2837,1,0
2838,2,0
2839,1,0
2840,1,0
2841,1,0
2842,2,0
2843,3,0
2844,1,0
2845,1,0
2846,1,0
2847,2,0
2848,3,0
2849,3,0
2850,0,0
2851,1,0
2852,2,0
2853,0,0
2854,1,0
2855,2,0
2856,1,0
2857,1,0
2858,1,0
2859,1,0
2860,1,0
2861,1,0
2862,2,0
2863,1,0
2864,0,0
2865,1,0
2866,1,0
2867,0,0
2868,2,1
2869,2,0
2870,0,0
2871,0,1
2872,1,0
2873,0,0
2874,1,0
2875,0,1
2876,1,1
2877,0,0
2878,0,0
2879,1,0
2880,0,0
2881,3,0
2882,2,0
2883,0,1
2884,1,0
2885,0,0
2886,0,1
2887,2,0
2888,0,1
2889,2,0
2890,1,0
2891,3,0
2892,0,0
2893,1,0
2894,2,0
2895,0,0
2896,0,0
2897,1,0
2898,1,0
2899,1,0
2900,2,0
2901,1,0
2902,2,1
2903,2,0
2904,0,0
2905,0,0
2906,0,0
2907,2,0
2908,2,0
2909,3,0
2910,1,1
2911,0,0
2912,3,0
2913,3,0
2914,0,0
2915,3,0
2916,1,0
2917,3,0
2918,2,0
2919,3,0
2920,1,0
2921,1,0
2922,2,0
2923,1,0
2924,1,0
2925,1,0
2926,3,0
2927,3,0
2928,2,0
2929,1,0
2930,3,0
2931,3,0
2932,1,0
2933,1,0
2934,1,0
2935,0,0
2936,1,0
2937,3,1
2938,1,0
2939,0,0
2940,2,1
2941,0,0
2942,0,0
2943,0,0
2944,0,0
2945,0,0
2946,1,0
2947,1,0
2948,3,0
2949,3,0
2950,2,0
2951,1,0
2952,2,0
2953,1,0
2954,2,1
2955,0,0
2956,3,0
2957,1,0
2958,1,0
2959,1,0
2960,0,0
2961,1,0
2962,2,0
2963,1,0
2964,0,0
2965,0,0
2966,3,0
2967,1,0
2968,1,0
2969,1,0
2970,0,0
2971,2,0
2972,0,0
2973,1,0
2974,1,0
2975,1,0
2976,1,0
2977,1,2
2978,1,0
2979,1,0
2980,0,0
2981,1,0
2982,0,0
2983,1,0
2984,1,1
2985,1,0
2986,1,0
2987,0,0
2988,0,0
2989,2,0
2990,1,0
2991,2,1
2992,0,0
2993,3,0
2994,0,0
2995,0,0
2996,1,0
2997,1,0
2998,3,0
2999,1,0
3000,0,0
3001,0,0
3002,2,0
3003,2,0
3004,1,0
3005,1,0
3006,3,0
3007,2,0
3008,1,0
3009,3,0
3010,2,0
3011,3,0
3012,2,0
3013,3,0
3014,3,0
3015,1,0
3016,1,0
3017,3,0
3018,1,0
3019,1,0
3020,0,0
3021,1,0
3022,0,0
3023,2,0
3024,0,0
3025,1,0
3026,0,0
3027,0,0
3028,3,0
3029,1,0
3030,1,0
3031,1,0
3032,1,0
3033,2,0
3034,3,0
3035,2,0
3036,3,0
3037,1,0
3038,3,0
3039,2,0
3040,3,0
3041,0,0
3042,2,0
3043,1,0
3044,1,0
3045,1,1
3046,1,0
3047,0,0
3048,1,0
3049,1,0
3050,2,0
3051,0,0
3052,0,0
3053,0,0
3054,1,0
3055,2,0
3056,2,0
3057,1,0
3058,2,0
3059,2,0
3060,0,0
3061,0,0
3062,2,0
3063,2,0
3064,1,0
3065,1,0
3066,1,0
3067,0,0
3068,3,0
3069,2,0
3070,3,0
3071,2,0
3072,1,0
3073,1,1
3074,1,0
3075,3,0
3076,2,0
3077,1,0
3078,2,0
3079,3,0
3080,2,0
3081,1,0
3082,1,0
3083,1,0
3084,1,0
3085,0,0
3086,3,0
3087,2,0
3088,3,0
3089,2,0
3090,3,0
3091,1,0
3092,1,0
3093,3,0
3094,2,0
3095,3,0
3096,1,1
3097,2,0
3098,3,0
3099,3,0
3100,1,0
3101,0,0
3102,1,0
3103,3,0
3104,0,0
3105,1,1
3106,1,0
3107,0,0
3108,1,0
3109,2,0
3110,0,0
3111,1,0
3112,1,0
3113,0,0
3114,1,0
3115,1,0
3116,1,0
3117,0,0
3118,3,0
3119,3,0
3120,3,0
3121,2,0
3122,1,0
3123,1,0
3124,1,1
3125,0,0
3126,1,0
3127,0,0
3128,0,0
3129,0,0
3130,2,0
3131,1,0
3132,1,0
3133,1,0
3134,2,0
3135,0,0
3136,1,0
3137,1,0
3138,0,0
3139,1,0
3140,1,0
3141,1,0
3142,0,1
3143,1,0
3144,1,0
3145,1,0
3146,1,0
3147,0,0
3148,0,0
3149,0,0
3150,0,0
3151,0,0
3152,1,0
3153,1,0
3154,1,0
3155,0,0
3156,2,0
3157,1,0
3158,2,0
3159,1,0
3160,3,0
3161,1,0
3162,0,0
3163,1,0
3164,1,0
3165,0,0
3166,3,0
3167,1,0
3168,1,0
3169,2,0
3170,1,0
3171,0,0
3172,2,0
3173,0,0
3174,1,0
3175,1,0
3176,3,0
3177,0,0
3178,1,0
3179,2,0
3180,0,0
3181,1,0
3182,2,0
3183,0,1
3184,0,0
3185,1,0
3186,0,0
3187,3,0
3188,0,1
3189,1,0
3190,1,0
3191,1,0
3192,0,0
3193,1,0
3194,3,0
3195,1,0
3196,3,0
3197,0,1
3198,1,0
3199,0,0
3200,0,0
3201,2,0
3202,1,0
3203,3,0
3204,3,0
3205,0,0
3206,3,0
3207,2,0
3208,2,0
3209,1,0
3210,1,0
3211,0,0
3212,1,0
3213,1,1
3214,0,0
3215,0,0
3216,1,2
3217,3,1
3218,3,0
3219,2,0
3220,3,0
3221,2,0
3222,3,0
3223,0,1
3224,3,0
3225,1,0
3226,2,0
3227,1,0
3228,2,0
3229,3,0
3230,1,0
3231,1,0
3232,2,0
3233,1,0
3234,2,0
3235,0,0
3236,3,0
3237,1,0
3238,2,0
3239,1,0
3240,1,0
3241,2,0
3242,1,0
3243,1,0
3244,0,0
3245,1,0
3246,3,0
3247,2,0
3248,1,1
3249,2,0
3250,2,0
3251,2,1
3252,2,0
3253,1,0
3254,1,0
3255,1,0
3256,1,0
3257,0,0
3258,1,0
3259,1,0
3260,1,0
3261,1,0
3262,2,0
3263,1,0
3264,3,0
3265,1,2
3266,2,0
3267,0,0
3268,2,0
3269,0,0
3270,1,0
3271,0,1
3272,1,0
3273,1,0
3274,1,0
3275,1,0
3276,1,0
3277,1,0
3278,3,0
3279,0,0
3280,0,0
3281,1,0
3282,0,0
3283,2,0
3284,3,0
3285,0,0
3286,1,0
3287,3,0
3288,3,1
3289,1,0
3290,1,0
3291,0,0
3292,0,0
3293,1,0
3294,2,0
3295,1,0
3296,1,0
3297,3,0
3298,1,0
3299,1,0
3300,0,2
3301,3,0
3302,1,0
3303,1,0
3304,2,0
3305,0,0
3306,1,0
3307,1,0
3308,0,0
3309,1,0
3310,1,0
3311,0,0
3312,0,0
3313,0,0
3314,0,0
3315,3,0
3316,1,0
3317,3,0
3318,1,0
3319,3,0
3320,1,0
3321,1,0
3322,1,0
3323,2,0
3324,1,0
3325,1,0
3326,1,0
3327,0,0
3328,1,0
3329,1,0
3330,1,0
3331,0,0
3332,0,0
3333,0,0
3334,1,0
3335,1,0
3336,1,0
3337,1,0
3338,1,1
3339,0,0
3340,3,0
3341,1,0
3342,0,1
3343,1,0
3344,1,0
3345,1,0
3346,1,0
3347,1,0
3348,1,0
3349,0,0
3350,3,0
3351,3,0
3352,3,0
3353,3,0
3354,3,0
3355,1,0
3356,1,0
3357,3,0
3358,1,0
3359,3,0
3360,1,0
3361,1,0
3362,2,0
3363,0,0
3364,0,0
3365,1,0
3366,0,0
3367,1,0
3368,1,0
3369,1,0
3370,0,0
3371,1,1
3372,0,0
3373,1,0
3374,1,0
3375,1,0
3376,2,0
3377,3,0
3378,1,0
3379,0,0
3380,1,0
3381,1,0
3382,1,0
3383,0,0
3384,0,0
3385,1,0
3386,1,0
3387,0,0
3388,2,0
3389,1,0
3390,2,0
3391,1,0
3392,1,0
3393,1,0
3394,1,0
3395,1,0
3396,3,0
3397,3,0
3398,3,0
3399,3,0
3400,3,0
3401,3,0
3402,1,1
3403,1,0
3404,1,0
3405,0,0
3406,2,0
3407,1,0
3408,2,0
3409,1,0
3410,1,0
3411,2,0
3412,3,0
3413,3,0
3414,2,0
3415,1,0
3416,2,0
3417,1,0
3418,2,0
3419,1,0
3420,3,0
3421,1,0
3422,2,0
3423,3,0
3424,3,0
3425,2,0
3426,1,0
3427,2,0
3428,3,0
3429,1,0
3430,3,0
3431,1,0
3432,1,0
3433,1,0
3434,1,0
3435,1,1
3436,2,0
3437,1,0
3438,2,0
3439,1,0
3440,1,0
3441,3,0
3442,2,0
3443,1,0
3444,1,1
3445,2,0
3446,0,0
3447,0,0
3448,2,0
3449,1,0
3450,1,0
3451,3,0
3452,1,0
3453,0,1
3454,1,0
3455,1,0
3456,3,0
3457,2,0
3458,2,0
3459,3,0
3460,2,0
3461,1,0
3462,2,0
3463,1,0
3464,1,0
3465,1,0
3466,3,0
3467,0,0
3468,1,0
3469,1,0
3470,2,0
3471,1,0
3472,3,0
3473,1,0
3474,1,0
3475,1,0
3476,0,0
3477,2,0
3478,2,0
3479,1,0
3480,0,1
3481,1,0
3482,1,0
3483,1,0
3484,0,0
3485,1,0
3486,0,0
3487,3,0
3488,3,0
3489,1,0
3490,0,0
3491,1,0
3492,0,0
3493,1,0
3494,2,0
3495,2,0
3496,0,0
3497,2,0
3498,3,0
3499,0,0
3500,0,0
3501,1,0
3502,0,0
3503,1,0
3504,1,0
3505,1,0
3506,2,0
3507,1,0
3508,0,0
3509,1,0
3510,0,0
3511,0,0
3512,1,0
3513,0,0
3514,3,0
3515,2,0
3516,2,0
3517,1,0
3518,0,1
3519,2,0
3520,1,0
3521,1,0
3522,0,0
3523,3,1
3524,1,0
3525,0,0
3526,2,0
3527,1,0
3528,1,0
3529,1,0
3530,1,0
3531,0,0
3532,1,0
3533,1,0
3534,0,0
3535,1,0
3536,1,0
3537,2,0
3538,1,0
3539,0,0
3540,1,0
3541,1,1
3542,0,0
3543,0,1
3544,0,1
3545,2,0
3546,3,0
3547,2,0
3548,1,0
3549,0,0
3550,1,0
3551,0,0
3552,1,0
3553,1,0
3554,1,0
3555,1,0
3556,3,0
3557,0,0
3558,0,0
3559,1,0
3560,1,0
3561,0,0
3562,0,0
3563,0,0
3564,1,0
3565,0,0
3566,1,0
3567,0,0
3568,1,0
3569,2,1
3570,0,0
3571,2,0
3572,0,0
3573,2,0
3574,0,0
3575,0,0
3576,1,0
3577,0,0
3578,0,0
3579,0,0
3580,2,0
3581,2,0
3582,2,0
3583,3,0
3584,1,0
3585,2,0
3586,3,0
3587,1,0
3588,2,0
3589,2,0
3590,1,0
3591,1,0
3592,3,0
3593,1,0
3594,1,0
3595,2,0
3596,1,0
3597,1,0
3598,1,0
3599,1,0
3600,1,0
3601,1,0
3602,0,0
3603,1,1
3604,2,0
3605,1,0
3606,1,0
3607,2,0
3608,0,0
3609,3,0
3610,0,0
3611,1,0
3612,0,1
3613,0,0
3614,0,0
3615,2,0
3616,0,0
3617,0,0
3618,2,0
3619,2,0
3620,1,0
3621,0,0
3622,2,1
3623,2,0
3624,1,0
3625,2,0
3626,0,0
3627,0,0
3628,1,0
3629,1,0
3630,1,0
3631,0,0
3632,1,0
3633,1,0
3634,0,2
3635,1,1
3636,1,0
3637,1,0
3638,2,0
3639,1,1
3640,1,0
3641,1,0
3642,0,0
3643,1,0
3644,1,0
3645,0,0
3646,1,0
3647,1,0
3648,1,0
3649,0,0
3650,3,0
3651,0,0
3652,1,0
3653,0,0
3654,1,1
3655,1,0
3656,1,0
3657,0,0
3658,0,0
3659,0,0
3660,0,0
3661,1,0
3662,1,0
3663,1,0
3664,0,0
3665,2,0
3666,1,0
3667,2,0
3668,0,0
3669,2,0
3670,1,0
3671,1,0
3672,1,0
3673,3,0
3674,3,0
3675,0,0
3676,0,0
3677,2,0
3678,2,0
3679,3,0
3680,3,0
3681,2,0
3682,2,0
3683,1,0
3684,1,0
3685,1,0
3686,1,0
3687,2,0
3688,1,0
3689,3,0
3690,2,0
3691,1,0
3692,3,0
3693,1,0
3694,1,0
3695,3,0
3696,2,1
3697,3,1
3698,0,0
3699,3,0
3700,0,0
3701,1,0
3702,3,0
3703,3,0
3704,0,0
3705,3,0
3706,2,0
3707,1,0
3708,2,0
3709,3,0
3710,1,0
3711,0,0
3712,1,0
3713,1,0
3714,1,0
3715,1,0
3716,1,0
3717,1,0
3718,2,0
3719,3,0
3720,0,0
3721,1,0
3722,0,0
3723,1,0
3724,1,1
3725,3,0
3726,2,0
3727,1,0
3728,1,0
3729,1,0
3730,0,0
3731,3,0
3732,0,0
3733,2,0
3734,3,0
3735,2,0
3736,1,0
3737,0,0
3738,1,0
3739,0,0
3740,1,0
3741,2,0
3742,1,0
3743,1,0
3744,1,0
3745,2,0
3746,0,0
3747,0,0
3748,1,0
3749,1,0
3750,1,0
3751,2,0
3752,0,1
3753,1,0
3754,0,0
3755,1,0
3756,0,1
3757,2,0
3758,1,0
3759,0,0
3760,0,0
3761,3,0
3762,2,0
3763,0,0
3764,1,1
3765,3,0
3766,1,0
3767,1,0
3768,3,0
3769,1,0
3770,1,0
3771,0,0
3772,1,0
3773,0,0
3774,0,0
3775,0,0
3776,3,0
3777,1,0
3778,0,0
3779,2,0
3780,1,0
3781,1,0
3782,3,0
3783,0,0
3784,1,0
3785,3,0
3786,0,0
3787,3,0
3788,2,0
3789,1,0
3790,0,0
3791,0,0
3792,2,0
3793,1,0
3794,3,0
3795,3,0
3796,1,0
3797,2,0
3798,0,0
3799,1,0
3800,1,0
3801,0,0
3802,3,0
3803,2,0
3804,2,0
3805,2,0
3806,2,0
3807,3,0
3808,2,0
3809,2,0
3810,1,0
3811,1,0
3812,2,0
3813,1,0
3814,1,0
3815,1,0
3816,1,0
3817,1,0
3818,3,0
3819,1,1
3820,3,0
3821,1,1
3822,0,0
3823,0,0
3824,0,0
3825,0,0
3826,1,0
3827,1,0
3828,1,0
3829,0,0
3830,0,0
3831,1,0
3832,3,0
3833,1,0
3834,1,0
3835,3,0
3836,0,0
3837,0,1
3838,2,0
3839,0,0
3840,0,0
3841,3,0
3842,2,0
3843,2,0
3844,3,0
3845,3,0
3846,1,0
3847,1,0
3848,0,0
3849,2,0
3850,3,0
3851,1,1
3852,1,0
3853,2,0
3854,3,0
3855,3,0
3856,2,0
3857,3,0
3858,0,0
3859,2,0
3860,1,0
3861,1,0
3862,0,0
3863,1,0
3864,0,0
3865,2,0
3866,3,0
3867,1,0
3868,2,1
3869,1,0
3870,0,0
3871,1,0
3872,1,0
3873,1,0
3874,3,0
3875,1,0
3876,0,0
3877,1,0
3878,2,0
3879,1,0
3880,1,0
3881,1,0
3882,1,0
3883,1,0
3884,3,0
3885,1,0
3886,2,0
3887,2,0
3888,3,0
3889,0,0
3890,1,0
3891,2,0
3892,0,0
3893,2,0
3894,3,0
3895,1,0
3896,1,0
3897,1,0
3898,1,0
3899,0,0
3900,1,0
3901,1,0
3902,1,0
3903,0,0
3904,3,0
3905,3,0
3906,0,0
3907,1,0
3908,1,1
3909,0,0
3910,1,0
3911,1,0
3912,1,0
3913,1,0
3914,1,0
3915,1,0
3916,1,0
3917,1,0
3918,1,2
3919,0,0
3920,0,0
3921,1,1
3922,1,0
3923,1,0
3924,1,0
3925,1,0
3926,1,0
3927,1,0
3928,1,0
3929,0,0
3930,1,0
3931,1,0
3932,0,0
3933,0,1
3934,3,0
3935,1,0
3936,0,1
3937,2,0
3938,0,0
3939,1,0
3940,0,0
3941,0,0
3942,1,0
3943,1,0
3944,0,0
3945,0,0
3946,0,0
3947,2,0
3948,0,0
3949,3,0
3950,0,1
3951,1,1
3952,3,0
3953,1,0
3954,1,0
3955,1,0
3956,3,0
3957,3,0
3958,0,0
3959,1,2
3960,0,0
3961,0,0
3962,0,0
3963,1,0
3964,1,0
3965,1,1
3966,1,0
3967,1,1
3968,2,0
3969,0,0
3970,3,1
3971,1,1
3972,1,0
3973,1,0
3974,3,0
3975,1,0
3976,0,0
3977,3,0
3978,1,0
3979,0,0
3980,0,1
3981,1,0
3982,1,0
3983,1,0
3984,1,0
3985,1,0
3986,1,0
3987,1,0
3988,0,0
3989,0,0
3990,0,0
3991,2,0
3992,1,0
3993,0,0
3994,1,0
3995,0,0
3996,1,0
3997,0,0
3998,1,0
3999,1,1
4000,1,0
4001,0,0
4002,1,0
4003,1,0
4004,2,0
4005,0,0
4006,1,0
4007,3,0
4008,0,0
4009,3,0
4010,1,0
4011,1,0
4012,3,0
4013,3,0
4014,2,0
4015,0,1
4016,1,0
4017,1,0
4018,1,0
4019,1,0
4020,0,0
4021,2,1
4022,0,0
4023,0,0
4024,2,0
4025,0,0
4026,1,0
4027,1,0
4028,0,0
4029,1,0
4030,0,0
4031,1,0
4032,1,0
4033,0,0
4034,0,0
4035,1,0
4036,1,0
4037,0,0
4038,1,0
4039,0,0
4040,0,0
4041,0,0
4042,0,1
4043,1,0
4044,1,0
4045,1,1
4046,1,1
4047,3,0
4048,2,0
4049,1,0
4050,0,1
4051,1,0
4052,3,0
4053,0,0
4054,1,0
4055,3,0
4056,2,0
4057,0,0
4058,0,0
4059,1,0
4060,1,0
4061,0,0
4062,1,1
4063,1,0
4064,0,1
4065,1,0
4066,1,1
4067,1,0
4068,0,0
4069,2,0
4070,3,0
4071,1,0
4072,0,0
4073,1,0
4074,1,0
4075,3,0
4076,1,0
4077,2,0
4078,0,1
4079,0,0
4080,1,0
4081,0,0
4082,1,0
4083,3,0
4084,1,0
4085,1,0
4086,3,0
4087,3,0
4088,3,0
4089,1,0
4090,3,0
4091,1,1
4092,0,0
4093,2,0
4094,1,0
4095,0,1
4096,1,0
4097,3,0
4098,3,0
4099,3,0
4100,2,0
4101,0,0
4102,3,0
4103,2,0
4104,1,0
4105,3,0
4106,1,0
4107,1,0
4108,2,0
4109,2,0
4110,3,0
4111,2,0
4112,1,0
4113,1,0
4114,1,0
4115,1,0
4116,3,0
4117,1,0
4118,1,0
4119,2,0
4120,1,0
4121,2,0
4122,0,0
4123,2,0
4124,0,0
4125,1,0
4126,1,0
4127,0,0
4128,0,0
4129,1,0
4130,1,0
4131,0,0
4132,2,0
4133,2,1
4134,1,0
4135,0,0
4136,1,0
4137,0,0
4138,3,0
4139,0,0
4140,2,1
4141,1,0
4142,1,0
4143,1,0
4144,1,0
4145,0,0
4146,2,0
4147,1,0
4148,3,0
4149,1,0
4150,2,0
4151,1,0
4152,0,0
4153,3,0
4154,1,0
4155,1,0
4156,0,0
4157,1,1
4158,2,0
4159,0,0
4160,2,0
4161,0,0
4162,1,0
4163,0,0
4164,1,1
4165,1,0
4166,1,0
4167,2,0
4168,0,1
4169,2,0
4170,0,0
4171,1,0
4172,3,0
4173,1,0
4174,2,0
4175,2,0
4176,1,0
4177,1,0
4178,0,0
4179,0,0
4180,0,0
4181,1,0
4182,1,0
4183,0,0
4184,0,0
4185,1,0
4186,1,0
4187,1,0
4188,3,0
4189,2,0
4190,3,0
4191,1,0
4192,2,0
4193,2,0
4194,2,0
4195,3,0
4196,2,0
4197,3,0
4198,3,0
4199,3,0
4200,2,0
4201,1,0
4202,2,0
4203,1,0
4204,1,0
4205,1,0
4206,1,0
4207,0,0
4208,2,0
4209,3,0
4210,2,0
4211,2,0
4212,1,0
4213,1,1
4214,2,0
4215,3,0
4216,0,0
4217,1,0
4218,2,0
4219,1,0
4220,0,0
4221,0,0
4222,2,0
4223,1,0
4224,0,0
4225,2,0
4226,0,0
4227,1,0
4228,1,0
4229,0,0
4230,2,0
4231,1,0
4232,1,0
4233,2,0
4234,1,0
4235,2,0
4236,1,0
4237,3,0
4238,1,0
4239,1,0
4240,1,0
4241,1,0
4242,1,0
4243,1,0
4244,3,0
4245,3,0
4246,0,0
4247,3,0
4248,2,0
4249,0,0
4250,1,0
4251,0,0
4252,1,1
4253,1,0
4254,1,0
4255,1,1
4256,3,0
4257,1,0
4258,2,0
4259,1,0
4260,1,0
4261,0,1
4262,1,0
4263,0,0
4264,1,0
4265,0,0
4266,1,0
4267,1,0
4268,1,0
4269,1,0
4270,3,0
4271,0,1
4272,0,0
4273,0,0
4274,1,0
4275,1,0
4276,2,0
4277,2,0
4278,0,0
4279,0,0
4280,1,0
4281,1,0
4282,0,0
4283,1,0
4284,2,0
4285,3,0
4286,1,0
4287,3,0
4288,2,0
4289,1,0
4290,1,0
4291,1,0
4292,2,0
4293,3,0
4294,1,0
4295,3,0
4296,0,0
4297,0,0
4298,3,0
4299,3,0
4300,1,0
4301,1,0
4302,1,0
4303,2,0
4304,2,0
4305,1,0
4306,1,0
4307,1,0
4308,2,0
4309,1,0
4310,1,0
4311,1,0
4312,0,0
4313,1,0
4314,0,0
4315,3,0
4316,0,1
4317,2,0
4318,0,0
4319,0,0
4320,1,0
4321,1,1
4322,1,0
4323,0,0
4324,1,0
4325,1,0
4326,1,1
4327,0,0
4328,2,0
4329,1,0
4330,0,0
4331,2,0
4332,1,0
4333,1,0
4334,2,0
4335,1,0
4336,3,0
4337,1,0
4338,3,0
4339,1,0
4340,3,0
4341,1,0
4342,1,0
4343,2,0
4344,3,0
4345,1,0
4346,0,0
4347,1,0
4348,0,0
4349,1,0
4350,1,0
4351,1,0
4352,1,0
4353,1,0
4354,1,0
4355,1,0
4356,0,1
4357,0,0
4358,1,0
4359,3,0
4360,2,0
4361,2,0
4362,2,0
4363,1,0
4364,1,0
4365,1,0
4366,1,0
4367,1,0
4368,1,0
4369,1,0
4370,2,0
4371,0,1
4372,1,0
4373,1,0
4374,2,0
4375,3,0
4376,2,0
4377,2,0
4378,0,0
4379,3,0
4380,1,0
4381,2,0
4382,2,0
4383,3,1
4384,1,0
4385,2,0
4386,1,0
4387,3,0
4388,1,0
4389,1,0
4390,1,0
4391,1,1
4392,2,0
4393,2,1
4394,3,0
4395,2,0
4396,2,0
4397,1,1
4398,1,0
4399,1,0
4400,2,0
4401,1,1
4402,0,0
4403,1,0
4404,1,0
4405,1,0
4406,1,0
4407,0,0
4408,1,0
4409,0,0
4410,1,0
4411,1,0
4412,0,0
4413,2,0
4414,3,0
4415,0,0
4416,2,0
4417,1,1
4418,0,0
4419,1,1
4420,1,0
4421,3,0
4422,0,0
4423,1,0
4424,1,0
4425,1,0
4426,1,0
4427,0,0
4428,0,0
4429,1,0
4430,0,0
4431,1,0
4432,0,0
4433,0,0
4434,3,1
4435,2,0
4436,1,0
4437,1,0
4438,3,0
4439,3,0
4440,2,0
4441,2,0
4442,2,0
4443,1,0
4444,2,0
4445,2,0
4446,1,1
4447,1,0
4448,1,0
4449,2,0
4450,1,0
4451,0,1
4452,2,0
4453,0,0
4454,1,0
4455,2,0
4456,1,0
4457,1,0
4458,3,0
4459,1,0
4460,2,0
4461,0,0
4462,2,0
4463,0,1
4464,1,0
4465,1,0
4466,0,0
4467,1,0
4468,1,0
4469,1,0
4470,0,0
4471,1,0
4472,1,0
4473,2,0
4474,1,0
4475,0,0
4476,1,0
4477,1,0
4478,1,0
4479,1,0
4480,0,0
4481,0,0
4482,2,0
4483,1,0
4484,1,0
4485,1,0
4486,0,0
4487,1,1
4488,1,0
4489,1,1
4490,1,0
4491,0,0
4492,2,0
4493,1,0
4494,1,0
4495,1,0
4496,0,0
4497,3,0
4498,2,0
4499,1,0
4500,1,0
4501,1,0
4502,2,0
4503,1,0
4504,1,0
4505,1,0
4506,1,1
4507,3,0
4508,2,0
4509,0,0
4510,1,0
4511,2,0
4512,0,0
4513,3,0
4514,0,0
4515,1,0
4516,1,0
4517,0,0
4518,0,0
4519,1,0
4520,1,0
4521,1,0
4522,2,0
4523,1,0
4524,1,0
4525,1,0
4526,1,0
4527,1,1
4528,0,0
4529,1,0
4530,0,0
4531,2,0
4532,0,0
4533,1,0
4534,1,0
4535,0,0
4536,0,0
4537,0,0
4538,0,0
4539,1,0
4540,0,0
4541,2,0
4542,0,0
4543,1,0
4544,1,0
4545,1,0
4546,0,0
4547,2,0
4548,2,0
4549,2,1
4550,3,0
4551,1,0
4552,0,0
4553,1,1
4554,0,0
4555,0,0
4556,2,0
4557,1,0
4558,1,0
4559,3,0
4560,2,0
4561,3,0
4562,0,0
4563,3,0
4564,3,0
4565,3,0
4566,0,0
4567,2,1
4568,1,0
4569,0,0
4570,1,0
4571,2,0
4572,2,0
4573,1,0
4574,1,0
4575,1,0
4576,1,0
4577,3,0
4578,1,0
4579,1,1
4580,2,0
4581,0,0
4582,1,0
4583,2,0
4584,0,1
4585,3,0
4586,0,0
4587,0,0
4588,1,0
4589,1,0
4590,0,1
4591,1,0
4592,1,0
4593,1,0
4594,0,0
4595,3,0
4596,0,0
4597,3,0
4598,1,0
4599,3,0
4600,0,0
4601,0,1
4602,0,0
4603,1,0
4604,0,1
4605,0,0
4606,1,0
4607,0,0
4608,1,0
4609,2,0
4610,0,0
4611,1,0
4612,0,0
4613,2,0
4614,0,0
4615,0,0
4616,1,0
4617,1,0
4618,0,0
4619,1,0
4620,0,0
4621,3,0
4622,2,0
4623,1,0
4624,2,0
4625,3,0
4626,2,0
4627,3,0
4628,2,0
4629,1,0
4630,1,0
4631,1,0
4632,3,0
4633,1,0
4634,1,0
4635,0,0
4636,3,0
4637,2,0
4638,1,0
4639,0,0
4640,1,0
4641,1,0
4642,1,0
4643,0,0
4644,3,0
4645,1,0
4646,0,0
4647,1,0
4648,3,0
4649,0,0
4650,1,0
4651,0,0
4652,0,0
4653,1,0
4654,0,0
4655,0,0
4656,1,0
4657,2,0
4658,0,0
4659,1,0
4660,1,0
4661,1,0
4662,1,0
4663,1,0
4664,0,0
4665,0,0
4666,0,0
4667,0,0
4668,1,0
4669,2,0
4670,1,0
4671,3,0
4672,0,0
4673,2,0
4674,1,0
4675,0,0
4676,2,0
4677,1,0
4678,0,0
4679,0,1
4680,1,0
4681,1,1
4682,1,1
4683,0,0
4684,0,0
4685,0,0
4686,0,0
4687,1,0
4688,1,0
4689,0,0
4690,1,0
4691,1,0
4692,3,0
4693,0,0
4694,0,0
4695,0,0
4696,3,0
4697,1,0
4698,1,0
4699,3,0
4700,2,0
4701,1,0
4702,1,0
4703,2,1
4704,1,0
4705,0,0
4706,2,0
4707,1,0
4708,0,0
4709,1,0
4710,3,0
4711,2,0
4712,2,0
4713,1,0
4714,1,0
4715,1,0
4716,1,1
4717,1,0
4718,1,0
4719,0,0
4720,1,1
4721,1,0
4722,1,0
4723,2,0
4724,2,0
4725,0,0
4726,3,0
4727,1,0
4728,1,0
4729,1,0
4730,1,0
4731,2,0
4732,1,0
4733,0,0
4734,1,0
4735,0,0
4736,0,0
4737,0,1
4738,1,0
4739,1,0
4740,1,0
4741,2,2
4742,0,0
4743,1,1
4744,1,0
4745,1,0
4746,0,0
4747,1,0
4748,1,1
4749,1,0
4750,1,0
4751,2,0
4752,1,0
4753,1,0
4754,1,0
4755,1,0
4756,1,0
4757,1,0
4758,0,0
4759,0,0
4760,1,0
4761,2,0
4762,0,1
4763,0,0
4764,0,0
4765,0,1
4766,0,1
4767,2,0
4768,0,1
4769,0,0
4770,3,0
4771,1,0
4772,3,0
4773,1,0
4774,1,0
4775,2,0
4776,1,1
4777,3,0
4778,3,0
4779,3,0
4780,2,0
4781,1,0
4782,1,0
4783,1,0
4784,0,0
4785,1,0
4786,0,0
4787,1,0
4788,1,0
4789,1,0
4790,1,0
4791,3,0
4792,2,0
4793,1,0
4794,0,0
4795,2,0
4796,0,0
4797,1,0
4798,2,0
4799,1,0
4800,0,0
4801,0,0
4802,0,0
4803,0,0
4804,2,0
4805,1,0
4806,0,1
4807,1,0
4808,0,0
4809,0,0
4810,0,0
4811,0,0
4812,2,0
4813,1,0
4814,0,0
4815,1,0
4816,3,0
4817,2,0
4818,0,0
4819,0,0
4820,1,0
4821,1,0
4822,0,0
4823,3,0
4824,1,0
4825,0,0
4826,1,0
4827,0,0
4828,1,0
4829,0,0
4830,3,0
4831,1,0
4832,2,0
4833,3,0
4834,0,0
4835,3,0
4836,1,0
4837,1,0
4838,1,0
4839,1,0
4840,2,0
4841,2,0
4842,0,0
4843,3,0
4844,2,0
4845,2,0
4846,1,0
4847,0,0
4848,1,0
4849,3,0
4850,1,0
4851,0,0
4852,2,0
4853,3,0
4854,1,0
4855,0,0
4856,1,0
4857,1,0
4858,2,0
4859,1,0
4860,1,0
4861,0,0
4862,1,0
4863,1,0
4864,1,0
4865,1,0
4866,0,0
4867,0,0
4868,1,0
4869,1,1
4870,0,0
4871,1,0
4872,1,0
4873,1,0
4874,1,0
4875,2,1
4876,0,0
4877,0,0
4878,3,0
4879,0,0
4880,0,1
4881,1,0
4882,1,1
4883,1,0
4884,1,0
4885,2,0
4886,3,0
4887,1,0
4888,2,0
4889,0,0
4890,2,0
4891,1,0
4892,1,0
4893,2,0
4894,1,0
4895,2,0
4896,3,0
4897,0,0
4898,1,0
4899,2,0
4900,1,0
4901,2,0
4902,1,0
4903,1,1
4904,3,0
4905,2,0
4906,1,0
4907,1,0
4908,0,0
4909,1,0
4910,0,0
4911,1,0
4912,1,0
4913,0,0
4914,1,0
4915,1,0
4916,3,0
4917,3,0
4918,1,0
4919,1,0
4920,1,0
4921,1,0
4922,1,0
4923,2,0
4924,0,0
4925,2,0
4926,2,0
4927,2,0
4928,2,0
4929,3,0
4930,1,0
4931,1,0
4932,0,0
4933,0,0
4934,1,0
4935,0,0
4936,1,0
4937,3,0
4938,1,0
4939,0,0
4940,1,0
4941,0,0
4942,1,0
4943,1,0
4944,0,0
4945,1,0
4946,1,0
4947,1,0
4948,0,0
4949,0,0
4950,0,0
4951,2,0
4952,0,0
4953,1,0
4954,2,0
4955,1,0
4956,1,0
4957,1,0
4958,0,0
4959,0,0
4960,3,1
4961,2,0
4962,2,0
4963,1,0
4964,0,0
4965,3,0
4966,0,0
4967,1,0
4968,1,0
4969,1,1
4970,0,0
4971,0,0
4972,1,0
4973,1,0
4974,1,1
4975,1,0
4976,1,0
4977,1,0
4978,0,0
4979,0,0
4980,3,0
4981,0,0
4982,1,0
4983,1,0
4984,3,0
4985,2,0
4986,1,0
4987,1,0
4988,1,0
4989,1,0
4990,3,0
4991,2,0
4992,1,0
4993,1,0
4994,3,0
4995,2,1
4996,0,0
4997,1,0
4998,1,0
4999,0,0
5000,1,1
5001,1,0
5002,1,0
5003,1,0
5004,1,0
5005,1,0
5006,0,0
5007,1,0
5008,0,0
5009,1,0
5010,0,0
5011,1,0
5012,1,0
5013,0,0
5014,1,0
5015,1,0
5016,0,0
5017,1,0
5018,1,0
5019,1,0
5020,0,0
5021,1,1
5022,1,0
5023,1,0
5024,2,0
5025,0,0
5026,0,0
5027,0,0
5028,1,0
5029,0,0
5030,1,1
5031,3,0
5032,1,0
5033,0,0
5034,0,0
5035,1,0
5036,3,1
5037,2,0
5038,0,0
5039,1,1
5040,1,0
5041,0,0
5042,3,0
5043,2,0
5044,1,0
5045,0,0
5046,3,0
5047,2,0
5048,1,0
5049,2,0
5050,3,0
5051,3,0
5052,3,0
5053,3,0
5054,2,0
5055,3,0
5056,2,0
5057,3,0
5058,2,0
5059,1,0
5060,1,0
5061,1,0
5062,1,0
5063,2,1
5064,1,0
5065,2,0
5066,3,0
5067,3,0
5068,1,0
5069,3,0
5070,1,0
5071,1,0
5072,2,0
5073,1,0
5074,2,0
5075,0,0
5076,2,0
5077,3,0
5078,1,0
5079,2,0
5080,1,0
5081,1,0
5082,1,0
5083,1,0
5084,1,0
5085,3,0
5086,0,0
5087,1,0
5088,3,0
5089,3,0
5090,1,0
5091,0,0
5092,1,0
5093,1,1
5094,2,0
5095,1,0
5096,2,0
5097,2,0
5098,2,1
5099,2,0
5100,1,0
5101,1,0
5102,1,0
5103,3,0
5104,1,0
5105,1,0
5106,3,0
5107,1,0
5108,3,0
5109,0,0
5110,1,0
5111,0,0
5112,1,0
5113,1,0
5114,2,0
5115,1,0
5116,1,0
5117,0,1
5118,2,0
5119,0,0
5120,0,0
5121,1,0
5122,1,0
5123,1,0
5124,3,0
5125,2,0
5126,0,1
5127,1,0
5128,1,0
5129,3,0
5130,3,0
5131,1,0
5132,3,0
5133,2,0
5134,3,0
5135,2,0
5136,3,0
5137,2,0
5138,0,0
5139,1,0
5140,2,0
5141,1,0
5142,1,0
5143,1,0
5144,2,0
5145,1,0
5146,0,0
5147,3,1
5148,1,0
5149,1,0
5150,3,0
5151,1,0
5152,2,0
5153,0,0
5154,3,0
5155,2,0
5156,2,0
5157,3,0
5158,1,0
5159,0,0
5160,3,0
5161,0,0
5162,0,0
5163,1,0
5164,1,0
5165,2,0
5166,3,1
5167,1,1
5168,0,0
5169,3,0
5170,1,0
5171,2,0
5172,1,0
5173,1,0
5174,0,0
5175,1,1
5176,0,0
5177,0,0
5178,1,0
5179,1,0
5180,1,0
5181,1,0
5182,1,0
5183,1,0
5184,1,0
5185,1,0
5186,1,0
5187,1,0
5188,2,0
5189,1,0
5190,1,0
5191,3,0
5192,1,0
5193,1,0
5194,1,0
5195,0,0
5196,1,0
5197,1,0
5198,0,0
5199,2,0
5200,1,0
5201,1,0
5202,2,1
5203,2,0
5204,1,0
5205,2,0
5206,2,1
5207,0,0
5208,0,0
5209,0,0
5210,0,0
5211,1,0
5212,1,0
5213,2,0
5214,1,0
5215,1,0
5216,0,0
5217,1,0
5218,0,0
5219,2,0
5220,1,0
5221,2,0
5222,0,0
5223,2,0
5224,1,0
5225,0,0
5226,2,0
5227,0,0
5228,1,0
5229,0,0
5230,2,0
5231,1,1
5232,3,0
5233,2,0
5234,1,0
5235,1,0
5236,1,0
5237,1,0
5238,1,0
5239,2,0
5240,2,0
5241,2,0
5242,1,0
5243,1,0
5244,0,0
5245,2,0
5246,3,0
5247,2,0
5248,1,0
5249,1,0
5250,0,0
5251,0,0
5252,2,0
5253,1,0
5254,2,0
5255,2,0
5256,1,0
5257,3,0
5258,0,0
5259,2,0
5260,0,0
5261,2,0
5262,2,0
5263,0,1
5264,2,0
5265,1,0
5266,3,0
5267,1,1
5268,2,0
5269,0,0
5270,0,1
5271,1,1
5272,0,1
5273,0,1
5274,1,0
5275,1,0
5276,2,1
5277,1,0
5278,1,0
5279,3,0
5280,3,1
5281,0,0
5282,1,1
5283,0,0
5284,1,0
5285,3,0
5286,2,0
5287,2,0
5288,0,0
5289,2,0
5290,1,0
5291,0,0
5292,1,0
5293,2,0
5294,1,0
5295,0,0
5296,1,0
5297,1,0
5298,3,0
5299,1,0
5300,1,0
5301,0,0
5302,0,2
5303,1,0
5304,1,0
5305,0,0
5306,1,0
5307,0,0
5308,1,0
5309,2,0
5310,1,0
5311,2,0
5312,1,0
5313,0,0
5314,0,0
5315,0,0
5316,2,0
5317,3,0
5318,0,2
5319,3,0
5320,3,0
5321,1,0
5322,2,0
5323,3,0
5324,1,0
5325,1,0
5326,1,0
5327,1,0
5328,1,0
5329,0,0
5330,0,0
5331,1,0
5332,1,0
5333,2,0
5334,1,0
5335,3,0
5336,1,0
5337,1,0
5338,0,0
5339,1,1
5340,1,0
5341,1,0
5342,1,0
5343,1,0
5344,1,0
5345,1,0
5346,0,0
5347,1,0
5348,0,0
5349,1,0
5350,1,0
5351,1,0
5352,3,0
5353,3,0
5354,3,0
5355,0,0
5356,2,0
5357,0,0
5358,0,0
5359,0,0
5360,0,0
5361,1,0
5362,1,0
5363,0,0
5364,1,0
5365,1,0
5366,0,0
5367,1,0
5368,2,0
5369,1,0
5370,2,0
5371,1,0
5372,2,0
5373,1,0
5374,1,0
5375,1,0
5376,1,0
5377,1,0
5378,0,0
5379,1,0
5380,1,0
5381,1,0
5382,0,0
5383,2,0
5384,3,0
5385,0,0
5386,1,0
5387,0,0
5388,0,1
5389,3,0
5390,1,0
5391,3,0
5392,3,0
5393,2,0
5394,1,0
5395,2,0
5396,2,0
5397,1,0
5398,3,0
5399,1,0
5400,1,0
5401,3,0
5402,0,0
5403,1,0
5404,2,0
5405,1,0
5406,1,0
5407,0,0
5408,2,0
5409,1,0
5410,1,0
5411,1,0
5412,2,0
5413,0,0
5414,1,0
5415,3,0
5416,1,0
5417,2,0
5418,2,0
5419,0,0
5420,2,1
5421,1,0
5422,0,0
5423,0,0
5424,1,0
5425,0,0
5426,1,0
5427,0,0
5428,0,0
5429,1,0
5430,0,0
5431,1,0
5432,1,0
5433,2,0
5434,1,0
5435,0,0
5436,1,0
5437,0,0
5438,1,0
5439,1,0
5440,0,0
5441,1,0
5442,0,0
5443,0,0
5444,2,0
5445,1,0
5446,0,0
5447,1,0
5448,1,0
5449,2,0
5450,0,0
5451,0,0
5452,1,0
5453,1,1
5454,0,0
5455,2,0
5456,3,0
5457,1,0
5458,3,1
5459,1,0
5460,2,0
5461,1,1
5462,0,0
5463,1,0
5464,1,0
5465,1,0
5466,2,0
5467,1,0
5468,1,0
5469,1,0
5470,3,0
5471,0,0
5472,1,0
5473,3,0
5474,1,0
5475,3,0
5476,0,0
5477,1,0
5478,2,0
5479,1,0
5480,3,0
5481,2,0
5482,0,1
5483,2,0
5484,0,0
5485,1,0
5486,1,0
5487,0,0
5488,1,0
5489,1,0
5490,0,0
5491,3,1
5492,0,0
5493,1,0
5494,1,0
5495,1,0
5496,1,0
5497,1,0
5498,0,0
5499,0,0
5500,2,0
5501,1,1
5502,1,0
5503,2,0
5504,1,0
5505,0,0
5506,0,0
5507,1,0
5508,2,0
5509,1,0
5510,0,1
5511,0,1
5512,1,0
5513,1,0
5514,1,0
5515,1,0
5516,1,0
5517,1,0
5518,2,1
5519,0,0
5520,3,0
5521,1,0
5522,0,1
5523,0,0
5524,0,0
5525,0,0
5526,0,0
5527,1,0
5528,1,0
5529,2,0
5530,2,0
5531,1,0
5532,1,0
5533,3,0
5534,0,0
5535,0,0
5536,0,0
5537,2,0
5538,1,0
5539,1,0
5540,1,0
5541,3,0
5542,0,0
5543,0,0
5544,2,0
5545,0,0
5546,3,0
5547,0,0
5548,2,0
5549,3,0
5550,1,0
5551,1,0
5552,3,0
5553,0,0
5554,0,0
5555,0,0
5556,1,0
5557,2,0
5558,0,0
5559,0,0
5560,1,0
5561,1,0
5562,3,0
5563,3,0
5564,3,0
5565,3,0
5566,1,0
5567,1,0
5568,2,0
5569,1,0
5570,1,0
5571,3,0
5572,3,0
5573,2,0
5574,2,0
5575,1,0
5576,1,0
5577,1,0
5578,1,0
5579,3,0
5580,0,1
5581,1,0
5582,0,0
5583,0,0
5584,1,1
5585,1,0
5586,1,0
5587,0,0
5588,1,0
5589,0,0
5590,1,0
5591,1,0
5592,0,0
5593,0,0
5594,1,0
5595,1,0
5596,0,0
5597,1,0
5598,3,0
5599,3,0
5600,2,0
5601,0,0
5602,0,1
5603,0,0
5604,2,0
5605,2,0
5606,0,0
5607,1,0
5608,1,0
5609,0,0
5610,1,0
5611,2,0
5612,1,0
5613,0,0
5614,1,0
5615,1,0
5616,1,0
5617,1,0
5618,0,0
5619,3,0
5620,1,0
5621,2,0
5622,1,0
5623,0,0
5624,2,0
5625,0,1
5626,0,0
5627,1,0
5628,1,0
5629,1,0
5630,3,0
5631,1,0
5632,3,0
5633,1,0
5634,2,0
5635,1,0
5636,2,0
5637,1,0
5638,0,0
5639,2,0
5640,0,0
5641,1,0
5642,2,0
5643,1,0
5644,0,0
5645,0,0
5646,1,0
5647,0,0
5648,2,0
5649,0,0
5650,2,0
5651,0,0
5652,2,0
5653,0,0
5654,1,0
5655,0,0
5656,1,0
5657,1,0
5658,1,0
5659,0,0
5660,0,0
5661,1,0
5662,1,0
5663,1,0
5664,2,0
5665,1,0
5666,0,0
5667,2,0
5668,3,0
5669,0,0
5670,1,0
5671,1,0
5672,3,0
5673,2,0
5674,0,0
5675,2,0
5676,2,0
5677,3,0
5678,3,0
5679,0,0
5680,1,0
5681,3,0
5682,3,0
5683,1,0
5684,1,0
5685,1,0
5686,3,0
5687,1,1
5688,0,0
5689,2,0
5690,1,0
5691,1,0
5692,2,0
5693,1,0
5694,3,0
5695,1,0
5696,1,0
5697,3,0
5698,3,0
5699,1,0
5700,1,0
5701,3,0
5702,3,0
5703,3,0
5704,1,0
5705,3,1
5706,1,0
5707,0,0
5708,1,0
5709,0,0
5710,1,0
5711,1,0
5712,1,0
5713,1,0
5714,1,0
5715,2,0
5716,1,0
5717,1,0
5718,1,0
5719,3,0
5720,1,1
5721,0,1
5722,1,0
5723,1,0
5724,1,0
5725,1,0
5726,0,0
5727,0,0
5728,2,0
5729,2,0
5730,2,0
5731,1,0
5732,1,0
5733,0,0
5734,1,0
5735,0,0
5736,2,0
5737,1,0
5738,1,0
5739,1,0
5740,0,0
5741,1,0
5742,1,0
5743,1,0
5744,0,0
5745,0,0
5746,1,0
5747,0,0
5748,1,0
5749,3,0
5750,2,0
5751,2,0
5752,1,0
5753,1,0
5754,0,0
5755,1,0
5756,0,0
5757,1,0
5758,1,0
5759,1,0
5760,1,0
5761,3,0
5762,3,0
5763,2,0
5764,3,0
5765,0,0
5766,2,0
5767,0,0
5768,1,0
5769,0,0
5770,2,0
5771,2,0
5772,1,0
5773,1,0
5774,0,0
5775,2,0
5776,2,0
5777,0,1
5778,0,0
5779,1,0
5780,3,0
5781,0,1
5782,3,0
5783,2,0
5784,1,0
5785,1,0
5786,1,0
5787,1,0
5788,0,0
5789,2,0
5790,1,0
5791,3,0
5792,1,0
5793,1,0
5794,0,0
5795,1,0
5796,0,0
5797,1,0
5798,1,0
5799,1,0
5800,2,0
5801,0,0
5802,1,0
5803,1,0
5804,1,0
5805,0,0
5806,1,0
5807,1,0
5808,0,0
5809,1,0
5810,2,0
5811,0,0
5812,0,0
5813,0,0
5814,0,0
5815,1,0
5816,1,0
5817,1,0
5818,1,0
5819,1,0
5820,1,0
5821,1,0
5822,0,0
5823,1,0
5824,1,0
5825,0,0
5826,0,0
5827,2,0
5828,1,0
5829,1,0
5830,1,0
5831,0,0
5832,2,0
5833,2,0
5834,2,0
5835,1,0
5836,1,0
5837,1,0
5838,0,0
5839,1,1
5840,0,0
5841,0,0
5842,3,0
5843,3,0
5844,1,0
5845,3,0
5846,2,0
5847,1,0
5848,2,0
5849,0,0
5850,1,0
5851,3,0
5852,1,0
5853,2,0
5854,0,0
5855,1,0
5856,2,0
5857,1,0
5858,1,0
5859,1,0
5860,1,1
5861,1,0
5862,2,0
5863,0,0
5864,2,0
5865,2,0
5866,3,0
5867,1,0
5868,1,0
5869,1,0
5870,3,0
5871,3,0
5872,0,0
5873,3,0
5874,2,0
5875,0,0
5876,1,0
5877,1,0
5878,2,0
5879,0,0
5880,2,0
5881,0,0
5882,2,0
5883,2,0
5884,1,0
5885,1,0
5886,3,0
5887,0,0
5888,1,0
5889,2,0
5890,1,0
5891,1,0
5892,0,0
5893,1,0
5894,1,1
5895,1,0
5896,1,0
5897,0,0
5898,1,0
5899,1,0
5900,3,0
5901,2,0
5902,2,0
5903,1,0
5904,0,0
5905,3,1
5906,1,0
5907,1,0
5908,3,0
5909,0,0
5910,1,1
5911,1,0
5912,1,0
5913,0,0
5914,2,0
5915,0,0
5916,1,0
5917,1,0
5918,2,0
5919,1,0
5920,1,1
5921,0,0
5922,2,0
5923,1,0
5924,1,0
5925,3,0
5926,1,1
5927,1,0
5928,1,0
5929,0,0
5930,0,0
5931,2,0
5932,0,0
5933,1,1
5934,0,0
5935,0,0
5936,0,0
5937,1,0
5938,1,0
5939,1,0
5940,0,0
5941,1,0
5942,1,0
5943,1,0
5944,1,0
5945,2,0
5946,2,0
5947,1,0
5948,1,0
5949,1,0
5950,2,0
5951,1,0
5952,1,2
5953,0,0
5954,1,0
5955,1,0
5956,0,0
5957,1,0
5958,0,0
5959,3,0
5960,0,0
5961,1,0
5962,2,0
5963,0,0
5964,0,0
5965,1,0
5966,2,0
5967,1,0
5968,1,0
5969,1,0
5970,2,0
5971,3,0
5972,2,0
5973,2,0
5974,1,0
5975,3,0
5976,2,0
5977,2,0
5978,3,0
5979,2,0
5980,3,0
5981,1,0
5982,0,0
5983,1,0
5984,2,0
5985,3,0
5986,1,0
5987,0,1
5988,1,1
5989,1,1
5990,2,0
5991,1,0
5992,3,0
5993,0,0
5994,0,0
5995,1,0
5996,1,0
5997,3,0
5998,0,0
5999,1,0
6000,1,0
6001,3,0
6002,3,0
6003,1,0
6004,2,0
6005,3,0
6006,1,0
6007,3,0
6008,1,0
6009,2,0
6010,0,0
6011,3,0
6012,1,0
6013,1,0
6014,1,0
6015,2,1
6016,1,0
6017,3,0
6018,1,0
6019,1,0
6020,3,1
6021,3,0
6022,1,0
6023,1,0
6024,0,0
6025,0,0
6026,1,0
6027,0,0
6028,1,0
6029,1,0
6030,0,0
6031,3,0
6032,2,0
6033,1,0
6034,2,0
6035,1,0
6036,3,0
6037,1,0
6038,2,0
6039,1,0
6040,3,0
6041,1,0
6042,2,0
6043,1,0
6044,1,0
6045,3,0
6046,1,0
6047,2,0
6048,1,0
6049,3,0
6050,2,0
6051,2,0
6052,0,0
6053,0,0
6054,0,0
6055,1,0
6056,2,0
6057,1,0
6058,0,0
6059,1,0
6060,1,0
6061,1,0
6062,1,1
6063,2,0
6064,2,0
6065,0,0
6066,1,0
6067,1,0
6068,0,0
6069,3,0
6070,3,0
6071,0,0
6072,1,1
6073,1,0
6074,0,0
6075,1,0
6076,1,0
6077,1,0
6078,2,0
6079,0,0
6080,0,0
6081,1,0
6082,1,0
6083,1,0
6084,1,0
6085,1,0
6086,1,1
6087,2,0
6088,1,0
6089,0,0
6090,2,0
6091,2,0
6092,1,0
6093,0,0
6094,2,0
6095,0,0
6096,1,1
6097,0,0
6098,1,0
6099,1,0
6100,1,1
6101,3,0
6102,0,0
6103,0,0
6104,0,0
6105,1,0
6106,2,0
6107,2,0
6108,1,0
6109,3,0
6110,1,0
6111,1,0
6112,1,0
6113,1,0
6114,0,0
6115,2,1
6116,1,0
6117,1,0
6118,1,1
6119,1,0
6120,1,0
6121,1,0
6122,3,0
6123,3,0
6124,3,0
6125,2,0
6126,2,0
6127,1,0
6128,1,0
6129,0,0
6130,1,0
6131,3,0
6132,1,0
6133,2,0
6134,3,0
6135,3,0
6136,3,0
6137,1,0
6138,2,0
6139,1,0
6140,0,0
6141,1,0
6142,2,0
6143,2,0
6144,0,0
6145,1,0
6146,1,0
6147,0,0
6148,1,0
6149,0,0
6150,1,1
6151,2,0
6152,0,0
6153,0,0
6154,1,0
6155,3,0
6156,0,0
6157,0,0
6158,0,1
6159,1,0
6160,0,0
6161,1,0
6162,1,0
6163,3,0
6164,3,0
6165,1,0
6166,1,0
6167,1,0
6168,3,0
6169,1,0
6170,1,0
6171,1,0
6172,1,0
6173,3,0
6174,0,0
6175,3,0
6176,1,0
6177,1,0
6178,2,0
6179,1,2
6180,0,0
6181,0,0
6182,1,0
6183,1,0
6184,1,0
6185,0,0
6186,1,0
6187,1,0
6188,1,0
6189,2,0
6190,1,0
6191,1,0
6192,1,0
6193,1,0
6194,3,0
6195,2,0
6196,2,0
6197,1,0
6198,1,0
6199,2,0
6200,1,0
6201,1,0
6202,3,0
6203,3,0
6204,1,0
6205,2,0
6206,2,0
6207,2,0
6208,2,0
6209,3,0
6210,0,0
6211,1,0
6212,0,0
6213,1,0
6214,0,0
6215,1,0
6216,1,0
6217,1,0
6218,2,0
6219,1,0
6220,1,0
6221,2,0
6222,1,0
6223,1,0
6224,3,0
6225,1,0
6226,3,0
6227,1,0
6228,1,0
6229,0,0
6230,3,0
6231,0,0
6232,0,0
6233,1,0
6234,2,0
6235,0,0
6236,0,0
6237,0,0
6238,0,0
6239,1,0
6240,0,0
6241,0,0
6242,0,0
6243,1,0
6244,0,0
6245,0,0
6246,1,0
6247,0,0
6248,2,0
6249,0,0
6250,3,0
6251,2,0
6252,3,0
6253,3,0
6254,2,0
6255,1,0
6256,2,0
6257,3,0
6258,2,0
6259,2,0
6260,1,0
6261,3,0
6262,2,0
6263,1,0
6264,0,0
6265,1,0
6266,1,0
6267,1,0
6268,1,0
6269,2,0
6270,1,0
6271,2,0
6272,3,0
6273,3,0
6274,2,0
6275,0,0
6276,3,0
6277,1,0
6278,3,0
6279,1,0
6280,1,0
6281,1,0
6282,1,0
6283,1,0
6284,1,0
6285,0,0
6286,1,0
6287,0,0
6288,1,0
6289,3,0
6290,2,0
6291,2,0
6292,1,0
6293,1,0
6294,1,0
6295,2,0
6296,1,0
6297,0,0
6298,1,0
6299,2,0
6300,0,0
6301,2,0
6302,3,0
6303,1,0
6304,0,0
6305,1,0
6306,1,0
6307,1,0
6308,1,0
6309,3,0
6310,1,0
6311,3,0
6312,2,0
6313,0,0
6314,3,0
6315,2,0
6316,3,0
6317,1,0
6318,1,0
6319,2,0
6320,1,1
6321,1,0
6322,2,0
6323,1,0
6324,2,1
6325,0,0
6326,1,0
6327,1,0
6328,3,0
6329,2,1
6330,0,0
6331,2,0
6332,3,0
6333,0,0
6334,1,0
6335,0,0
6336,1,0
6337,0,0
6338,2,0
6339,1,0
6340,1,0
6341,1,0
6342,0,0
6343,1,0
6344,0,0
6345,0,0
6346,0,0
6347,2,0
6348,0,0
6349,1,0
6350,1,0
6351,1,0
6352,3,0
6353,0,1
6354,1,0
6355,1,0
6356,1,0
6357,0,0
6358,3,0
6359,1,0
6360,2,0
6361,3,0
6362,3,0
6363,2,0
6364,2,0
6365,3,0
6366,3,0
6367,1,0
6368,2,0
6369,2,0
6370,1,0
6371,2,0
6372,2,0
6373,3,0
6374,2,0
6375,1,0
6376,1,0
6377,1,2
6378,1,0
6379,0,0
6380,2,0
6381,3,0
6382,3,0
6383,1,1
6384,3,1
6385,2,0
6386,1,0
6387,2,0
6388,0,0
6389,1,0
6390,0,0
6391,3,0
6392,2,0
6393,2,0
6394,3,0
6395,0,0
6396,1,0
6397,1,0
6398,1,0
6399,0,0
6400,2,0
6401,0,0
6402,1,0
6403,0,0
6404,2,0
6405,3,0
6406,0,0
6407,1,0
6408,3,0
6409,1,0
6410,0,0
6411,1,0
6412,0,0
6413,1,0
6414,0,0
6415,1,0
6416,1,0
6417,1,0
6418,0,0
6419,2,0
6420,0,0
6421,0,0
6422,1,0
6423,3,0
6424,3,0
6425,3,0
6426,3,0
6427,0,0
6428,1,0
6429,1,0
6430,1,0
6431,1,0
6432,2,0
6433,1,0
6434,2,0
6435,2,0
6436,1,0
6437,1,0
6438,0,0
6439,0,0
6440,3,0
6441,0,0
6442,1,1
6443,2,0
6444,0,0
6445,1,0
6446,1,0
6447,0,0
6448,2,0
6449,3,0
6450,3,0
6451,2,0
6452,3,0
6453,2,0
6454,2,0
6455,1,0
6456,1,0
6457,2,0
6458,2,0
6459,3,0
6460,1,0
6461,1,1
6462,1,0
6463,1,0
6464,1,0
6465,0,0
6466,2,0
6467,1,0
6468,0,0
6469,2,0
6470,1,0
6471,3,0
6472,0,0
6473,1,0
6474,0,0
6475,1,2
6476,1,0
6477,1,0
6478,3,0
6479,3,0
6480,2,0
6481,3,0
6482,2,0
6483,0,0
6484,0,0
6485,1,0
6486,2,0
6487,3,0
6488,3,0
6489,0,0
6490,1,0
6491,1,1
6492,1,0
6493,1,0
6494,1,0
6495,0,0
6496,1,0
6497,1,0
6498,0,0
6499,2,0
6500,0,0
6501,0,0
6502,3,0
6503,1,0
6504,1,0
6505,3,0
6506,1,0
6507,0,0
6508,1,0
6509,1,0
6510,0,0
6511,1,0
6512,1,0
6513,1,0
6514,1,0
6515,1,0
6516,0,0
6517,3,0
6518,2,0
6519,3,0
6520,1,0
6521,1,0
6522,1,0
6523,1,0
6524,1,0
6525,0,0
6526,0,0
6527,1,0
6528,0,0
6529,0,0
6530,0,1
6531,3,0
6532,1,0
6533,1,0
6534,1,0
6535,1,0
6536,0,0
6537,1,0
6538,1,1
6539,0,0
6540,1,0
6541,2,0
6542,1,0
6543,1,0
6544,3,0
6545,2,0
6546,2,0
6547,0,0
6548,2,0
6549,1,0
6550,0,0
6551,1,0
6552,2,0
6553,2,0
6554,1,0
6555,1,0
6556,1,0
6557,2,0
6558,1,0
6559,2,0
6560,1,0
6561,1,0
6562,1,0
6563,2,0
6564,2,0
6565,3,0
6566,1,0
6567,1,0
6568,1,0
6569,1,1
6570,2,0
6571,1,0
6572,0,0
6573,1,1
6574,0,0
6575,1,1
6576,0,0
6577,1,0
6578,2,0
6579,0,1
6580,2,0
6581,3,0
6582,1,0
6583,2,0
6584,1,1
6585,0,0
6586,0,0
6587,0,0
6588,1,0
6589,1,0
6590,1,0
6591,1,0
6592,1,0
6593,0,0
6594,1,1
6595,1,0
6596,1,1
6597,1,1
6598,0,0
6599,2,0
6600,1,1
6601,1,0
6602,1,1
6603,1,0
6604,2,0
6605,1,0
6606,3,1
6607,2,0
6608,3,0
6609,1,0
6610,3,0
6611,1,0
6612,2,0
6613,1,0
6614,3,1
6615,3,0
6616,1,0
6617,1,0
6618,0,1
6619,0,0
6620,1,0
6621,0,0
6622,2,0
6623,2,0
6624,0,0
6625,1,0
6626,0,0
6627,2,0
6628,1,0
6629,0,0
6630,1,0
6631,1,0
6632,1,0
6633,2,0
6634,1,0
6635,3,0
6636,3,0
6637,0,1
6638,3,1
6639,1,0
6640,2,0
6641,1,0
6642,1,0
6643,1,0
6644,1,0
6645,3,0
6646,2,0
6647,1,0
6648,1,0
6649,3,0
6650,3,0
6651,1,0
6652,1,0
6653,2,0
6654,0,0
6655,0,1
6656,1,0
6657,0,1
6658,3,0
6659,1,0
6660,1,0
6661,1,0
6662,1,0
6663,1,0
6664,1,0
6665,1,0
6666,2,0
6667,3,0
6668,3,0
6669,1,0
6670,2,1
6671,0,0
6672,3,0
6673,2,0
6674,1,1
6675,3,0
6676,3,0
6677,2,0
6678,1,0
6679,1,0
6680,1,0
6681,2,0
6682,2,0
6683,3,0
6684,1,0
6685,2,0
6686,3,0
6687,1,0
6688,2,0
6689,0,0
6690,1,0
6691,1,0
6692,0,0
6693,0,0
6694,0,0
6695,1,0
6696,3,0
6697,2,0
6698,1,1
6699,1,0
6700,1,0
6701,0,0
6702,0,0
6703,1,0
6704,1,0
6705,1,0
6706,1,0
6707,2,0
6708,1,0
6709,1,0
6710,3,0
6711,1,0
6712,2,1
6713,1,0
6714,0,1
6715,2,0
6716,1,0
6717,2,0
6718,1,0
6719,0,0
6720,1,0
6721,1,0
6722,0,0
6723,0,0
6724,1,0
6725,0,1
6726,3,0
6727,0,1
6728,3,0
6729,3,0
6730,2,0
6731,1,0
6732,3,0
6733,2,0
6734,2,0
6735,3,0
6736,1,0
6737,1,1
6738,2,0
6739,1,1
6740,2,0
6741,1,0
6742,2,0
6743,1,0
6744,1,0
6745,1,0
6746,0,0
6747,0,0
6748,1,0
6749,0,1
6750,0,1
6751,0,0
6752,1,0
6753,2,0
6754,1,0
6755,2,0
6756,3,0
6757,3,0
6758,3,0
6759,0,0
6760,0,0
6761,1,0
6762,1,0
6763,1,0
6764,1,0
6765,0,1
6766,1,0
6767,1,0
6768,2,0
6769,0,0
6770,3,0
6771,0,0
6772,2,0
6773,1,0
6774,2,0
6775,3,0
6776,1,0
6777,1,0
6778,0,0
6779,3,0
6780,1,0
6781,1,0
6782,1,0
6783,1,1
6784,2,0
6785,1,0
6786,1,0
6787,1,1
6788,1,0
6789,1,0
6790,2,0
6791,1,0
6792,2,0
6793,2,0
6794,0,0
6795,2,0
6796,0,0
6797,1,0
6798,2,0
6799,0,1
6800,1,0
6801,1,0
6802,2,0
6803,0,0
6804,3,0
6805,3,0
6806,2,0
6807,1,0
6808,3,0
6809,1,0
6810,2,0
6811,3,0
6812,2,1
6813,1,1
6814,0,0
6815,3,0
6816,1,0
6817,1,0
6818,1,0
6819,3,0
6820,1,1
6821,1,0
6822,0,0
6823,1,0
6824,0,0
6825,2,0
6826,2,0
6827,1,0
6828,3,0
6829,0,0
6830,1,0
6831,1,0
6832,1,0
6833,3,0
6834,0,0
6835,1,0
6836,2,0
6837,1,0
6838,2,0
6839,1,0
6840,3,0
6841,2,0
6842,3,0
6843,2,0
6844,3,0
6845,2,0
6846,2,0
6847,0,0
6848,0,0
6849,1,0
6850,1,1
6851,1,0
6852,1,0
6853,0,0
6854,1,0
6855,1,0
6856,0,0
6857,0,0
6858,1,0
6859,3,0
6860,1,0
6861,0,0
6862,3,0
6863,1,0
6864,0,0
6865,1,1
6866,2,0
6867,0,0
6868,1,0
6869,1,0
6870,3,0
6871,1,0
6872,3,0
6873,0,0
6874,1,0
6875,1,0
6876,1,0
6877,1,0
6878,3,0
6879,1,0
6880,0,0
6881,1,0
6882,1,0
6883,0,0
6884,1,0
6885,1,0
6886,0,1
6887,0,0
6888,2,0
6889,3,1
6890,1,0
6891,3,0
6892,3,0
6893,0,0
6894,1,1
6895,1,0
6896,0,0
6897,1,0
6898,1,0
6899,2,1
6900,0,0
6901,0,0
6902,0,0
6903,1,0
6904,0,0
6905,3,0
6906,3,0
6907,1,0
6908,1,0
6909,1,0
6910,1,0
6911,3,0
6912,3,0
6913,3,0
6914,2,0
6915,3,0
6916,3,0
6917,0,0
6918,2,0
6919,1,0
6920,0,1
6921,1,0
6922,0,0
6923,1,0
6924,2,0
6925,0,0
6926,3,0
6927,2,0
6928,1,0
6929,0,0
6930,3,0
6931,2,2
6932,2,0
6933,1,0
6934,1,0
6935,1,0
6936,0,0
6937,1,0
6938,1,0
6939,2,1
6940,0,0
6941,0,0
6942,1,0
6943,0,0
6944,1,0
6945,3,0
6946,1,0
6947,0,0
6948,0,0
6949,2,0
6950,0,0
6951,1,0
6952,2,1
6953,0,1
6954,0,0
6955,1,0
6956,1,0
6957,0,0
6958,2,0
6959,0,0
6960,1,0
6961,0,0
6962,0,0
6963,1,0
6964,1,1
6965,2,0
6966,2,0
6967,1,0
6968,2,0
6969,2,0
6970,0,0
6971,1,0
6972,3,0
6973,3,0
6974,2,0
6975,2,0
6976,3,0
6977,1,0
6978,2,0
6979,3,0
6980,1,0
6981,3,0
6982,3,0
6983,1,0
6984,1,0
6985,1,0
6986,1,0
6987,2,0
6988,0,0
6989,2,0
6990,1,0
6991,3,0
6992,2,1
6993,0,0
6994,2,0
6995,1,0
6996,1,0
6997,1,0
6998,1,0
6999,1,0
7000,2,0
7001,3,0
7002,2,0
7003,1,0
7004,2,0
7005,3,0
7006,2,0
7007,1,0
7008,2,0
7009,0,0
7010,3,0
7011,1,1
7012,1,0
7013,0,0
7014,1,0
7015,1,1
7016,1,0
7017,1,0
7018,1,0
7019,1,1
7020,1,0
7021,0,0
7022,1,1
7023,0,0
7024,3,0
7025,0,0
7026,1,0
7027,1,0
7028,2,0
7029,0,0
7030,1,0
7031,2,0
7032,1,0
7033,1,0
7034,1,0
7035,3,0
7036,3,1
7037,0,0
7038,1,0
7039,1,0
7040,1,1
7041,1,0
7042,2,0
7043,1,0
7044,1,0
7045,0,1
7046,1,0
7047,2,0
7048,1,0
7049,2,0
7050,1,1
7051,1,0
7052,2,0
7053,2,0
7054,1,0
7055,3,0
7056,3,0
7057,3,0
7058,3,0
7059,2,0
7060,3,0
7061,3,1
7062,3,0
7063,3,0
7064,3,0
7065,3,0
7066,3,0
7067,2,0
7068,3,0
7069,2,0
7070,1,0
7071,2,0
7072,1,0
7073,1,0
7074,1,0
7075,1,0
7076,1,0
7077,1,0
7078,1,0
7079,2,0
7080,1,0
7081,1,0
7082,1,0
7083,3,0
7084,1,0
7085,1,0
7086,1,0
7087,1,0
7088,1,0
7089,1,0
7090,1,1
7091,0,0
7092,2,0
7093,3,0
7094,0,0
7095,1,0
7096,0,0
7097,1,0
7098,3,0
7099,2,0
7100,1,0
7101,0,0
7102,3,0
7103,1,0
7104,1,0
7105,3,0
7106,2,0
7107,3,0
7108,2,0
7109,2,0
7110,1,1
7111,3,0
7112,1,0
7113,0,0
7114,2,0
7115,2,0
7116,1,0
7117,1,0
7118,1,0
7119,1,0
7120,0,0
7121,1,0
7122,2,0
7123,0,0
7124,0,0
7125,2,0
7126,2,0
7127,1,0
7128,1,1
7129,3,0
7130,1,0
7131,1,0
7132,1,0
7133,1,0
7134,2,0
7135,1,0
7136,0,0
7137,1,0
7138,1,0
7139,1,0
7140,1,0
7141,2,0
7142,2,0
7143,1,0
7144,1,0
7145,0,0
7146,3,0
7147,1,0
7148,1,0
7149,1,0
7150,0,0
7151,3,0
7152,0,0
7153,1,0
7154,1,0
7155,1,0
7156,0,0
7157,1,0
7158,1,0
7159,2,0
7160,3,0
7161,2,0
7162,1,0
7163,3,0
7164,2,0
7165,3,0
7166,1,0
7167,1,0
7168,1,0
7169,1,0
7170,2,0
7171,0,0
7172,0,0
7173,0,0
7174,2,0
7175,1,0
7176,0,0
7177,1,0
7178,2,0
7179,0,0
7180,2,0
7181,1,0
7182,2,0
7183,3,0
7184,3,0
7185,1,0
7186,1,1
7187,0,0
7188,1,0
7189,3,0
7190,3,0
7191,1,0
7192,1,0
7193,1,0
7194,0,0
7195,1,0
7196,1,0
7197,2,0
7198,2,0
7199,0,0
7200,3,0
7201,1,0
7202,1,0
7203,3,0
7204,2,0
7205,1,0
7206,0,1
7207,1,0
7208,0,0
7209,3,0
7210,0,0
7211,3,0
7212,3,0
7213,1,0
7214,0,0
7215,0,0
7216,2,0
7217,0,0
7218,1,0
7219,2,0
7220,1,0
7221,1,0
7222,1,0
7223,2,0
7224,1,0
7225,1,0
7226,1,0
7227,1,0
7228,1,0
7229,0,0
7230,1,0
7231,0,0
7232,0,0
7233,1,0
7234,0,1
7235,1,1
7236,1,0
7237,1,0
7238,1,0
7239,2,0
7240,1,1
7241,0,0
7242,1,1
7243,2,0
7244,1,0
7245,1,0
7246,1,0
7247,2,0
7248,0,0
7249,1,0
7250,0,0
7251,0,0
7252,0,0
7253,1,0
7254,1,0
7255,2,0
7256,0,0
7257,2,0
7258,0,0
7259,0,0
7260,3,0
7261,1,0
7262,3,0
7263,0,0
7264,2,0
7265,0,0
7266,2,0
7267,1,0
7268,0,0
7269,2,0
7270,1,0
7271,1,0
7272,3,0
7273,1,0
7274,2,0
7275,3,0
7276,1,0
7277,0,0
7278,1,0
7279,3,0
7280,0,0
7281,1,0
7282,0,0
7283,2,1
7284,0,0
7285,1,0
7286,0,0
7287,1,0
7288,0,0
7289,1,0
7290,1,0
7291,1,0
7292,1,0
7293,2,0
7294,1,0
7295,0,0
7296,1,0
7297,3,0
7298,1,0
7299,0,0
7300,1,0
7301,0,0
7302,1,0
7303,1,0
7304,0,0
7305,0,0
7306,0,0
7307,1,0
7308,0,0
7309,1,0
7310,1,0
7311,1,0
7312,2,0
7313,0,0
7314,0,0
7315,0,1
7316,0,0
7317,0,0
7318,1,0
7319,3,0
7320,1,0
7321,1,0
7322,1,0
7323,1,0
7324,3,0
7325,1,1
7326,0,0
7327,3,0
7328,3,1
7329,1,0
7330,0,1
7331,1,0
7332,1,0
7333,2,0
7334,3,0
7335,1,0
7336,1,0
7337,3,0
7338,0,0
7339,0,0
7340,0,0
7341,0,0
7342,1,0
7343,0,0
7344,1,0
7345,3,0
7346,3,0
7347,3,0
7348,3,0
7349,3,0
7350,3,0
7351,2,0
7352,3,0
7353,3,1
7354,2,0
7355,1,1
7356,2,0
7357,2,0
7358,1,0
7359,1,1
7360,2,0
7361,1,0
7362,1,0
7363,0,0
7364,3,0
7365,0,0
7366,1,0
7367,0,0
7368,1,0
7369,1,1
7370,1,0
7371,2,0
7372,1,0
7373,1,0
7374,2,0
7375,1,0
7376,3,0
7377,2,0
7378,1,0
7379,1,0
7380,1,0
7381,0,0
7382,1,0
7383,0,0
7384,1,0
7385,1,0
7386,2,0
7387,0,0
7388,1,1
7389,0,0
7390,1,0
7391,1,0
7392,0,0
7393,2,0
7394,1,0
7395,1,0
7396,0,0
7397,0,0
7398,1,1
7399,1,0
7400,1,0
7401,0,0
7402,2,0
7403,1,0
7404,2,0
7405,0,1
7406,1,0
7407,2,0
7408,3,0
7409,0,0
7410,2,0
7411,1,0
7412,1,0
7413,0,0
7414,1,0
7415,0,0
7416,0,0
7417,1,0
7418,2,0
7419,2,0
7420,0,0
7421,3,0
7422,1,0
7423,1,0
7424,3,0
7425,3,0
7426,3,0
7427,3,0
7428,3,0
7429,1,0
7430,1,0
7431,1,0
7432,1,0
7433,2,0
7434,0,0
7435,1,0
7436,2,0
7437,1,0
7438,1,0
7439,1,1
7440,1,0
7441,1,0
7442,0,0
7443,3,0
7444,2,0
7445,3,0
7446,2,0
7447,1,0
7448,0,0
7449,1,0
7450,3,0
7451,2,0
7452,1,0
7453,1,0
7454,2,0
7455,0,0
7456,2,0
7457,2,0
7458,1,0
7459,1,0
7460,1,0
7461,1,0
7462,2,0
7463,1,0
7464,2,0
7465,1,0
7466,1,0
7467,1,0
7468,1,0
7469,0,0
7470,1,1
7471,0,0
7472,2,0
7473,1,0
7474,1,0
7475,0,1
7476,1,0
7477,0,1
7478,1,0
7479,1,0
7480,1,0
7481,0,0
7482,1,0
7483,1,0
7484,1,1
7485,1,1
7486,0,0
7487,2,0
7488,1,0
7489,0,0
7490,0,0
7491,1,0
7492,2,0
7493,3,0
7494,3,0
7495,1,0
7496,1,0
7497,0,0
7498,3,1
7499,2,0
7500,0,0
7501,1,0
7502,3,0
7503,0,0
7504,1,0
7505,2,0
7506,2,0
7507,0,0
7508,0,0
7509,1,0
7510,1,1
7511,1,0
7512,0,0
7513,0,0
7514,1,0
7515,1,0
7516,1,0
7517,1,0
7518,0,0
7519,2,0
7520,1,0
7521,3,0
7522,1,0
7523,0,0
7524,0,0
7525,1,0
7526,3,0
7527,0,0
7528,1,0
7529,0,0
7530,1,0
7531,0,0
7532,0,0
7533,2,0
7534,0,0
7535,3,0
7536,1,0
7537,0,0
7538,2,0
7539,1,0
7540,1,0
7541,1,0
7542,1,0
7543,0,0
7544,0,0
7545,1,0
7546,1,0
7547,1,0
7548,2,0
7549,1,0
7550,2,0
7551,0,0
7552,0,0
7553,3,0
7554,1,0
7555,0,0
7556,1,0
7557,0,1
7558,1,0
7559,0,0
7560,1,0
7561,0,0
7562,1,0
7563,1,0
7564,2,0
7565,2,0
7566,2,0
7567,0,0
7568,0,0
7569,1,0
7570,0,0
7571,0,1
7572,0,0
7573,1,0
7574,0,0
7575,1,0
7576,0,0
7577,0,0
7578,3,0
7579,1,0
7580,3,0
7581,2,0
7582,1,0
7583,3,0
7584,1,0
7585,0,0
7586,2,0
7587,1,0
7588,0,0
7589,2,0
7590,2,0
7591,1,0
7592,0,1
7593,1,0
7594,3,0
7595,3,0
7596,1,0
7597,0,0
7598,1,0
7599,1,0
7600,3,0
7601,1,0
7602,1,0
7603,1,0
7604,3,0
7605,0,0
7606,0,0
7607,2,0
7608,1,0
7609,3,0
7610,2,0
7611,3,0
7612,1,0
7613,1,0
7614,0,0
7615,1,0
7616,1,0
7617,3,0
7618,3,0
7619,3,0
7620,1,0
7621,2,0
7622,2,0
7623,2,0
7624,1,0
7625,1,0
7626,2,0
7627,3,0
7628,1,0
7629,1,1
7630,0,0
7631,0,0
7632,2,0
7633,1,0
7634,1,0
7635,1,0
7636,1,0
7637,1,1
7638,1,0
7639,0,0
7640,0,0
7641,1,0
7642,3,0
7643,1,0
7644,0,0
7645,0,0
7646,1,0
7647,1,0
7648,1,0
7649,3,0
7650,2,0
7651,3,0
7652,3,0
7653,2,0
7654,1,0
7655,1,0
7656,2,0
7657,1,0
7658,1,0
7659,3,0
7660,1,0
7661,2,0
7662,2,0
7663,2,1
7664,2,0
7665,1,0
7666,1,0
7667,1,0
7668,0,0
7669,1,1
7670,1,0
7671,0,0
7672,1,0
7673,2,0
7674,1,0
7675,0,0
7676,1,0
7677,1,0
7678,2,0
7679,1,0
7680,0,0
7681,1,0
7682,3,0
7683,1,0
7684,2,0
7685,0,0
7686,0,0
7687,3,0
7688,0,1
7689,3,0
7690,0,0
7691,1,0
7692,1,0
7693,1,0
7694,0,0
7695,1,0
7696,1,0
7697,1,0
7698,0,0
7699,2,0
7700,1,0
7701,0,0
7702,1,0
7703,1,0
7704,2,0
7705,0,1
7706,2,0
7707,2,0
7708,3,0
7709,2,0
7710,0,0
7711,1,0
7712,1,0
7713,1,1
7714,0,0
7715,0,0
7716,1,0
7717,0,0
7718,1,0
7719,3,0
7720,1,0
7721,3,0
7722,2,0
7723,1,0
7724,1,0
7725,0,0
7726,3,0
7727,1,0
7728,0,0
7729,1,0
7730,2,0
7731,1,0
7732,1,0
7733,1,0
7734,1,0
7735,1,0
7736,1,0
7737,0,0
7738,1,0
7739,0,0
7740,0,0
7741,0,0
7742,0,1
7743,1,0
7744,0,0
7745,1,0
7746,0,0
7747,0,0
7748,1,0
7749,1,0
7750,1,0
7751,3,0
7752,1,0
7753,1,0
7754,3,0
7755,1,0
7756,1,0
7757,3,0
7758,2,0
7759,3,0
7760,1,0
7761,3,0
7762,2,1
7763,3,0
7764,1,0
7765,1,0
7766,0,1
7767,3,3
7768,1,0
7769,0,0
7770,0,0
7771,1,0
7772,0,0
7773,0,0
7774,0,0
7775,2,0
7776,2,0
7777,2,0
7778,1,0
7779,2,0
7780,1,0
7781,3,0
7782,1,0
7783,1,0
7784,2,0
7785,1,0
7786,2,0
7787,3,0
7788,1,0
7789,0,0
7790,2,0
7791,1,0
7792,1,0
7793,1,0
7794,1,0
7795,3,0
7796,3,0
7797,1,0
7798,3,0
7799,3,0
7800,3,0
7801,2,0
7802,2,0
7803,3,0
7804,2,1
7805,2,0
7806,2,1
7807,3,0
7808,0,0
7809,2,0
7810,1,0
7811,1,0
7812,0,0
7813,2,0
7814,3,0
7815,1,0
7816,2,0
7817,1,0
7818,1,0
7819,1,0
7820,3,1
7821,0,0
7822,3,0
7823,2,0
7824,1,0
7825,2,0
7826,0,0
7827,2,0
7828,1,0
7829,2,1
7830,3,0
7831,3,0
7832,2,0
7833,1,0
7834,0,0
7835,3,0
7836,1,0
7837,1,0
7838,1,0
7839,1,0
7840,0,0
7841,1,0
7842,1,0
7843,1,0
7844,1,0
7845,2,0
7846,1,0
7847,1,0
7848,0,0
7849,2,0
7850,1,0
7851,0,0
7852,3,0
7853,1,0
7854,1,0
7855,1,0
7856,3,0
7857,2,0
7858,1,0
7859,2,0
7860,1,0
7861,2,0
7862,1,0
7863,0,0
7864,1,0
7865,2,0
7866,0,0
7867,1,0
7868,2,1
7869,1,0
7870,0,0
7871,1,0
7872,1,1
7873,1,0
7874,1,0
7875,2,0
7876,3,0
7877,0,0
7878,1,0
7879,0,0
7880,3,0
7881,3,0
7882,3,0
7883,1,0
7884,2,0
7885,2,0
7886,1,0
7887,3,0
7888,3,0
7889,3,0
7890,0,0
7891,0,0
7892,2,0
7893,2,0
7894,3,0
7895,1,0
7896,1,0
7897,1,1
7898,1,0
7899,0,0
7900,2,0
7901,1,0
7902,1,0
7903,3,0
7904,2,0
7905,0,0
7906,2,0
7907,1,0
7908,0,0
7909,0,0
7910,0,0
7911,1,0
7912,0,0
7913,2,0
7914,1,0
7915,3,0
7916,1,0
7917,1,0
7918,1,0
7919,0,0
7920,1,0
7921,1,0
7922,2,0
7923,1,0
7924,2,0
7925,1,0
7926,2,0
7927,1,0
7928,0,0
7929,0,0
7930,2,1
7931,1,1
7932,1,0
7933,0,1
7934,1,0
7935,1,0
7936,1,0
7937,1,0
7938,0,1
7939,3,0
7940,3,0
7941,1,0
7942,1,0
7943,1,0
7944,2,1
7945,1,0
7946,1,0
7947,1,2
7948,1,0
7949,2,0
7950,0,0
7951,2,0
7952,2,0
7953,1,0
7954,0,0
7955,1,0
7956,0,0
7957,0,0
7958,1,0
7959,2,0
7960,0,0
7961,1,0
7962,1,0
7963,1,0
7964,1,0
7965,1,0
7966,1,0
7967,2,0
7968,1,0
7969,1,0
7970,2,0
7971,0,1
7972,1,0
7973,1,0
7974,2,0
7975,1,0
7976,1,0
7977,0,0
7978,1,0
7979,1,0
7980,1,0
7981,2,0
7982,0,0
7983,0,0
7984,1,0
7985,1,0
7986,0,0
7987,1,0
7988,2,0
7989,1,0
7990,3,0
7991,3,0
7992,1,0
7993,0,0
7994,1,0
7995,1,0
7996,0,0
7997,0,0
7998,3,0
7999,0,0
8000,1,0
8001,1,0
8002,2,0
8003,0,0
8004,0,0
8005,3,0
8006,2,0
8007,2,0
8008,3,0
8009,2,0
8010,1,0
8011,1,0
8012,0,0
8013,0,0
8014,0,0
8015,0,0
8016,0,0
8017,2,0
8018,1,0
8019,1,0
8020,3,0
8021,2,0
8022,2,0
8023,2,0
8024,3,0
8025,0,0
8026,2,0
8027,0,0
8028,0,0
8029,3,0
8030,2,0
8031,0,1
8032,2,0
8033,2,0
8034,1,0
8035,3,0
8036,1,0
8037,2,0
8038,1,0
8039,2,0
8040,1,0
8041,2,0
8042,1,0
8043,0,0
8044,1,0
8045,1,0
8046,0,0
8047,1,0
8048,1,0
8049,0,0
8050,1,0
8051,3,0
8052,0,0
8053,1,0
8054,0,0
8055,1,0
8056,3,0
8057,1,0
8058,0,0
8059,2,0
8060,1,1
8061,2,0
8062,1,0
8063,3,0
8064,2,0
8065,3,0
8066,3,0
8067,1,0
8068,2,0
8069,3,0
8070,1,0
8071,2,0
8072,0,0
8073,1,0
8074,0,0
8075,1,0
8076,2,0
8077,1,2
8078,1,0
8079,1,0
8080,0,0
8081,1,0
8082,3,0
8083,2,0
8084,1,0
8085,1,0
8086,2,0
8087,0,0
8088,1,0
8089,2,0
8090,1,0
8091,1,0
8092,3,0
8093,2,0
8094,1,0
8095,1,0
8096,3,0
8097,2,0
8098,3,0
8099,1,0
8100,1,0
8101,0,0
8102,1,0
8103,2,0
8104,2,0
8105,3,0
8106,0,0
8107,0,0
8108,0,0
8109,2,0
8110,0,0
8111,0,0
8112,1,0
8113,1,0
8114,2,0
8115,2,0
8116,0,0
8117,0,0
8118,2,1
8119,1,0
8120,1,0
8121,1,0
8122,0,1
8123,1,0
8124,1,0
8125,2,0
8126,0,0
8127,2,0
8128,1,0
8129,0,0
8130,1,0
8131,1,2
8132,2,0
8133,1,0
8134,1,0
8135,1,0
8136,3,0
8137,1,0
8138,2,0
8139,1,0
8140,0,0
8141,1,0
8142,1,0
8143,1,0
8144,1,0
8145,1,0
8146,1,0
8147,1,0
8148,1,0
8149,1,0
8150,1,0
8151,1,1
8152,1,0
8153,1,0
8154,3,0
8155,1,0
8156,1,0
8157,2,1
8158,2,0
8159,2,0
8160,0,0
8161,1,0
8162,0,0
8163,2,0
8164,1,0
8165,1,0
8166,1,0
8167,1,0
8168,1,0
8169,1,0
8170,1,0
8171,3,0
8172,3,0
8173,2,0
8174,3,0
8175,3,0
8176,3,0
8177,3,0
8178,2,0
8179,2,0
8180,1,0
8181,1,0
8182,0,0
8183,3,0
8184,1,0
8185,1,0
8186,1,0
8187,1,0
8188,2,0
8189,1,0
8190,0,0
8191,1,0
8192,0,0
8193,1,0
8194,1,0
8195,1,0
8196,1,0
8197,1,0
8198,1,1
8199,0,0
8200,1,0
8201,0,0
8202,0,0
8203,1,0
8204,2,0
8205,2,0
8206,2,0
8207,0,0
8208,1,0
8209,1,0
8210,0,0
8211,1,0
8212,3,0
8213,1,0
8214,3,0
8215,1,0
8216,0,0
8217,1,2
8218,1,0
8219,1,0
8220,2,0
8221,0,0
8222,1,0
8223,1,0
8224,1,0
8225,1,0
8226,0,0
8227,3,0
8228,2,0
8229,1,0
8230,1,0
8231,0,0
8232,2,1
8233,0,0
8234,1,0
8235,1,0
8236,2,0
8237,1,1
8238,0,0
8239,1,0
8240,1,1
8241,3,0
8242,2,0
8243,1,0
8244,1,0
8245,1,0
8246,3,0
8247,1,0
8248,2,0
8249,1,0
8250,3,0
8251,1,0
8252,1,0
8253,1,1
8254,1,0
8255,0,0
8256,1,0
8257,1,0
8258,1,0
8259,3,0
8260,0,0
8261,1,0
8262,1,0
8263,1,0
8264,1,1
8265,2,0
8266,3,0
8267,2,1
8268,0,1
8269,0,0
8270,1,0
8271,0,0
8272,0,0
8273,3,0
8274,1,0
8275,3,0
8276,3,0
8277,3,0
8278,2,0
8279,3,0
8280,3,0
8281,0,0
8282,1,0
8283,1,0
8284,2,0
8285,2,0
8286,2,0
8287,1,0
8288,2,0
8289,1,0
8290,1,0
8291,3,0
8292,1,0
8293,1,0
8294,3,0
8295,1,0
8296,2,0
8297,1,0
8298,1,0
8299,1,0
8300,1,0
8301,2,0
8302,1,0
8303,1,0
8304,1,0
8305,0,0
8306,1,0
8307,0,0
8308,3,1
8309,3,0
8310,0,0
8311,1,1
8312,0,0
8313,3,0
8314,1,0
8315,0,0
8316,1,0
8317,1,0
8318,3,0
8319,1,0
8320,1,0
8321,2,0
8322,1,0
8323,1,0
8324,1,0
8325,0,0
8326,0,0
8327,1,0
8328,0,0
8329,0,0
8330,1,0
8331,1,1
8332,2,0
8333,1,0
8334,0,0
8335,0,0
8336,1,0
8337,0,0
8338,0,0
8339,0,0
8340,1,0
8341,1,0
8342,2,1
8343,1,0
8344,1,0
8345,3,0
8346,1,0
8347,2,0
8348,3,0
8349,2,0
8350,0,0
8351,1,0
8352,2,0
8353,1,0
8354,0,0
8355,0,0
8356,1,0
8357,0,0
8358,3,0
8359,1,0
8360,1,0
8361,1,0
8362,1,0
8363,2,0
8364,1,0
8365,0,0
8366,3,0
8367,3,0
8368,1,0
8369,0,0
8370,1,0
8371,1,0
8372,3,0
8373,2,0
8374,2,0
8375,0,1
8376,0,0
8377,0,0
8378,0,0
8379,1,0
8380,2,0
8381,3,1
8382,0,0
8383,2,0
8384,1,0
8385,0,0
8386,1,0
8387,3,0
8388,3,0
8389,1,0
8390,1,0
8391,2,0
8392,1,0
8393,3,0
8394,0,2
8395,2,0
8396,3,0
8397,1,0
8398,0,0
8399,3,0
8400,1,0
8401,0,0
8402,1,0
8403,1,1
8404,0,0
8405,1,0
8406,2,0
8407,2,0
8408,1,0
8409,2,1
8410,1,0
8411,2,0
8412,2,0
8413,1,0
8414,1,0
8415,0,0
8416,0,0
8417,1,1
8418,1,0
8419,0,0
8420,3,0
8421,1,0
8422,1,0
8423,1,0
8424,1,0
8425,0,0
8426,0,0
8427,3,0
8428,2,0
8429,0,0
8430,1,0
8431,0,0
8432,0,0
8433,2,0
8434,1,0
8435,2,1
8436,0,0
8437,1,1
8438,0,0
8439,2,0
8440,1,0
8441,1,0
8442,2,0
8443,1,0
8444,2,0
8445,2,0
8446,0,0
8447,0,0
8448,2,0
8449,0,0
8450,1,0
8451,0,0
8452,1,0
8453,2,0
8454,1,0
8455,2,1
8456,1,0
8457,0,0
8458,2,0
8459,1,0
8460,2,0
8461,1,0
8462,2,0
8463,1,0
8464,1,0
8465,2,0
8466,2,0
8467,1,0
8468,3,1
8469,3,0
8470,3,0
8471,2,0
8472,0,0
8473,1,0
8474,1,0
8475,2,0
8476,1,0
8477,1,0
8478,1,0
8479,0,0
8480,1,0
8481,0,0
8482,0,0
8483,1,0
8484,0,0
8485,2,0
8486,1,0
8487,0,0
8488,1,0
8489,2,0
8490,0,0
8491,1,0
8492,2,0
8493,1,0
8494,1,0
8495,0,0
8496,0,0
8497,0,0
8498,0,0
8499,0,1
8500,1,0
8501,0,0
8502,2,0
8503,0,0
8504,0,0
8505,0,0
8506,1,1
8507,1,1
8508,0,0
8509,0,0
8510,1,0
8511,0,0
8512,1,0
8513,1,0
8514,0,0
8515,1,0
8516,1,0
8517,3,0
8518,1,0
8519,3,0
8520,0,0
8521,1,0
8522,2,0
8523,3,0
8524,2,0
8525,1,0
8526,1,0
8527,1,0
8528,3,1
8529,1,0
8530,1,0
8531,0,0
8532,1,0
8533,1,0
8534,0,0
8535,3,1
8536,1,0
8537,0,0
8538,0,0
8539,0,0
8540,3,0
8541,1,0
8542,0,0
8543,1,0
8544,0,1
8545,0,0
8546,1,0
8547,2,0
8548,1,0
8549,1,0
8550,0,0
8551,1,0
8552,0,0
8553,1,0
8554,1,0
8555,1,0
8556,0,0
8557,1,0
8558,1,0
8559,2,0
8560,1,0
8561,3,0
8562,1,1
8563,1,0
8564,0,0
8565,0,0
8566,1,0
8567,0,0
8568,0,1
8569,3,0
8570,1,0
8571,0,0
8572,0,0
8573,0,0
8574,0,0
8575,1,0
8576,1,0
8577,1,0
8578,1,0
8579,0,1
8580,1,0
8581,1,0
8582,1,0
8583,1,0
8584,2,0
8585,1,0
8586,1,0
8587,1,0
8588,1,0
8589,1,0
8590,0,1
8591,1,0
8592,2,0
8593,0,0
8594,1,0
8595,1,0
8596,1,0
8597,1,0
8598,2,1
8599,0,0
8600,1,0
8601,0,0
8602,0,0
8603,2,0
8604,0,0
8605,0,0
8606,0,0
8607,0,0
8608,1,0
8609,0,0
8610,2,0
8611,1,0
8612,0,0
8613,1,0
8614,2,0
8615,1,0
8616,2,0
8617,3,0
8618,3,0
8619,3,0
8620,2,0
8621,1,1
8622,3,0
8623,1,0
8624,1,0
8625,1,0
8626,1,0
8627,1,0
8628,0,0
8629,0,0
8630,0,0
8631,2,1
8632,0,0
8633,1,0
8634,1,1
8635,3,0
8636,0,0
8637,0,0
8638,0,0
8639,1,0
8640,1,0
8641,0,0
8642,1,0
8643,1,0
8644,2,0
8645,2,0
8646,3,0
8647,3,0
8648,2,0
8649,1,0
8650,1,0
8651,0,0
8652,1,0
8653,1,0
8654,1,0
8655,1,0
8656,3,0
8657,1,0
8658,1,0
8659,3,0
8660,1,0
8661,0,0
8662,1,1
8663,0,0
8664,3,0
8665,2,0
8666,0,0
8667,3,0
8668,0,0
8669,3,0
8670,2,0
8671,0,1
8672,2,0
8673,1,0
8674,0,1
8675,3,1
8676,3,0
8677,1,0
8678,1,0
8679,2,0
8680,3,0
8681,1,0
8682,2,0
8683,2,0
8684,1,0
8685,1,0
8686,0,0
8687,1,0
8688,0,0
8689,2,0
8690,1,0
8691,0,0
8692,1,0
8693,1,1
8694,3,0
8695,1,2
8696,1,0
8697,0,0
8698,1,0
8699,0,1
8700,1,0
8701,0,0
8702,1,0
8703,1,1
8704,0,0
8705,1,0
8706,0,0
8707,1,0
8708,0,0
8709,1,0
8710,2,0
8711,3,0
8712,1,0
8713,0,0
8714,0,0
8715,1,0
8716,0,0
8717,0,0
8718,0,0
8719,1,0
8720,1,1
8721,0,0
8722,2,0
8723,1,0
8724,1,0
8725,1,0
8726,0,0
8727,1,0
8728,1,0
8729,0,0
8730,0,0
8731,1,0
8732,2,0
8733,0,0
8734,0,1
8735,2,0
8736,0,0
8737,1,0
8738,2,0
8739,1,0
8740,0,0
8741,1,0
8742,1,0
8743,2,0
8744,0,0
8745,0,0
8746,0,0
8747,0,0
8748,3,0
8749,1,0
8750,1,0
8751,1,0
8752,0,0
8753,1,1
8754,1,0
8755,1,0
8756,2,0
8757,1,0
8758,1,1
8759,1,0
8760,0,0
8761,1,0
8762,1,0
8763,3,0
8764,3,0
8765,1,0
8766,1,0
8767,2,0
8768,2,0
8769,3,0
8770,3,0
8771,3,0
8772,1,0
8773,1,0
8774,3,0
8775,3,0
8776,1,0
8777,1,0
8778,1,0
8779,0,0
8780,1,0
8781,1,0
8782,1,0
8783,0,0
8784,0,2
8785,0,0
8786,1,0
8787,0,0
8788,1,0
8789,1,0
8790,0,0
8791,2,0
8792,1,0
8793,0,0
8794,1,0
8795,0,0
8796,3,1
8797,1,0
8798,2,0
8799,2,0
8800,1,0
8801,3,0
8802,2,0
8803,2,0
8804,2,0
8805,1,0
8806,0,0
8807,3,0
8808,1,0
8809,1,0
8810,2,0
8811,1,0
8812,3,0
8813,1,0
8814,0,1
8815,1,0
8816,0,0
8817,1,0
8818,1,1
8819,1,1
8820,0,0
8821,3,0
8822,2,0
8823,0,0
8824,1,0
8825,1,0
8826,3,0
8827,1,0
8828,3,0
8829,3,0
8830,2,0
8831,1,0
8832,1,0
8833,2,0
8834,1,0
8835,1,0
8836,2,0
8837,0,0
8838,2,0
8839,1,1
8840,1,0
8841,2,0
8842,1,0
8843,2,0
8844,2,0
8845,1,0
8846,3,0
8847,2,0
8848,1,0
8849,0,0
8850,0,0
8851,3,0
8852,1,0
8853,2,0
8854,2,0
8855,1,0
8856,2,0
8857,2,0
8858,1,0
8859,0,1
8860,1,0
8861,0,0
8862,3,0
8863,0,0
8864,1,0
8865,1,0
8866,2,0
8867,2,0
8868,1,0
8869,1,0
8870,3,0
8871,0,0
8872,2,0
8873,2,0
8874,0,0
8875,3,1
8876,1,0
8877,0,0
8878,2,0
8879,2,0
8880,2,1
8881,2,0
8882,1,0
8883,0,0
8884,1,0
8885,3,0
8886,1,0
8887,1,0
8888,3,0
8889,2,0
8890,2,0
8891,2,0
8892,1,0
8893,1,0
8894,0,0
8895,3,2
8896,2,0
8897,0,1
8898,2,0
8899,2,0
8900,1,0
8901,3,0
8902,0,0
8903,1,0
8904,2,0
8905,3,0
8906,2,0
8907,1,0
8908,0,1
8909,1,0
8910,1,0
8911,2,0
8912,1,0
8913,0,1
8914,0,0
8915,0,1
8916,0,0
8917,1,0
8918,3,0
8919,0,0
8920,1,0
8921,0,0
8922,0,0
8923,0,0
8924,0,0
8925,0,0
8926,1,0
8927,0,0
8928,1,0
8929,0,0
8930,1,0
8931,1,0
8932,3,0
8933,3,0
8934,2,0
8935,3,0
8936,2,0
8937,1,0
8938,1,2
8939,1,0
8940,1,0
8941,2,0
8942,1,0
8943,3,0
8944,1,0
8945,0,0
8946,1,0
8947,1,0
8948,3,0
8949,3,0
8950,2,0
8951,3,1
8952,2,0
8953,1,0
8954,1,0
8955,1,0
8956,1,0
8957,1,0
8958,1,0
8959,0,0
8960,0,1
8961,2,0
8962,1,0
8963,1,0
8964,2,0
8965,2,0
8966,2,0
8967,2,0
8968,1,0
8969,2,0
8970,2,0
8971,0,0
8972,0,0
8973,0,0
8974,2,0
8975,0,0
8976,0,0
8977,1,0
8978,1,0
8979,1,1
8980,1,0
8981,1,0
8982,1,0
8983,2,0
8984,1,0
8985,1,0
8986,1,0
8987,1,0
8988,1,1
8989,2,0
8990,0,0
8991,1,0
8992,1,0
8993,1,0
8994,1,0
8995,3,0
8996,3,0
8997,2,0
8998,1,0
8999,2,0
9000,1,0
9001,0,0
9002,2,0
9003,2,0
9004,3,0
9005,3,0
9006,2,0
9007,1,0
9008,0,0
9009,0,0
9010,1,0
9011,1,0
9012,1,0
9013,0,0
9014,0,0
9015,3,0
9016,1,0
9017,1,0
9018,2,0
9019,1,0
9020,1,0
9021,1,1
9022,0,0
9023,0,0
9024,0,0
9025,2,0
9026,0,0
9027,1,0
9028,1,0
9029,1,0
9030,1,0
9031,0,0
9032,0,0
9033,0,0
9034,1,1
9035,0,0
9036,3,0
9037,0,1
9038,1,0
9039,2,0
9040,0,0
9041,1,0
9042,0,0
9043,3,0
9044,1,0
9045,3,1
9046,3,0
9047,0,0
9048,0,0
9049,0,0
9050,3,0
9051,1,0
9052,1,0
9053,1,0
9054,1,0
9055,1,0
9056,2,0
9057,1,1
9058,0,0
9059,1,0
9060,1,0
9061,0,1
9062,0,0
9063,3,0
9064,0,0
9065,0,0
9066,0,0
9067,1,0
9068,1,0
9069,1,0
9070,1,0
9071,1,0
9072,1,0
9073,1,0
9074,1,0
9075,1,0
9076,1,0
9077,1,0
9078,2,0
9079,0,0
9080,1,0
9081,1,0
9082,1,1
9083,2,0
9084,0,0
9085,2,1
9086,1,0
9087,2,0
9088,1,2
9089,2,0
9090,0,0
9091,1,0
9092,1,0
9093,0,0
9094,1,0
9095,1,0
9096,0,0
9097,1,0
9098,0,0
9099,1,0
9100,1,0
9101,1,0
9102,0,0
9103,1,0
9104,1,0
9105,2,0
9106,1,0
9107,0,1
9108,0,0
9109,0,1
9110,1,0
9111,1,0
9112,1,0
9113,1,1
9114,1,0
9115,1,0
9116,0,0
9117,2,0
9118,1,0
9119,2,0
9120,3,0
9121,2,0
9122,3,2
9123,3,0
9124,1,0
9125,1,0
9126,1,0
9127,0,0
9128,2,0
9129,1,1
9130,2,0
9131,3,0
9132,3,0
9133,1,0
9134,2,0
9135,1,0
9136,2,0
9137,1,0
9138,1,0
9139,1,0
9140,0,0
9141,2,0
9142,1,0
9143,1,0
9144,0,0
9145,2,1
9146,2,0
9147,3,0
9148,3,0
9149,1,0
9150,1,0
9151,0,0
9152,3,0
9153,0,0
9154,1,0
9155,0,0
9156,1,0
9157,0,1
9158,1,0
9159,1,0
9160,0,0
9161,1,1
9162,3,0
9163,0,0
9164,1,0
9165,0,0
9166,1,0
9167,1,0
9168,1,0
9169,0,0
9170,3,0
9171,0,0
9172,1,0
9173,3,0
9174,0,0
9175,3,0
9176,1,0
9177,0,0
9178,2,0
9179,1,0
9180,1,0
9181,1,0
9182,1,0
9183,0,0
9184,1,0
9185,2,0
9186,1,0
9187,0,0
9188,1,0
9189,1,0
9190,1,0
9191,1,0
9192,0,0
9193,0,0
9194,0,0
9195,0,0
9196,0,0
9197,0,0
9198,0,0
9199,0,0
9200,1,0
9201,1,0
9202,0,0
9203,1,0
9204,1,0
9205,1,0
9206,3,0
9207,1,0
9208,1,0
9209,0,0
9210,0,0
9211,1,0
9212,0,0
9213,3,0
9214,1,0
9215,3,0
9216,1,0
9217,0,1
9218,2,0
9219,0,1
9220,0,0
9221,1,0
9222,1,0
9223,3,0
9224,1,0
9225,2,1
9226,0,0
9227,0,0
9228,1,0
9229,0,0
9230,1,0
9231,1,0
9232,1,1
9233,0,0
9234,3,0
9235,3,2
9236,1,0
9237,2,0
9238,1,0
9239,1,0
9240,1,0
9241,0,0
9242,1,0
9243,2,0
9244,1,0
9245,1,0
9246,2,0
9247,1,0
9248,3,1
9249,1,0
9250,1,0
9251,1,0
9252,1,0
9253,0,0
9254,1,0
9255,2,0
9256,1,0
9257,0,0
9258,0,0
9259,3,0
9260,3,0
9261,3,0
9262,3,0
9263,1,0
9264,1,0
9265,1,0
9266,3,0
9267,1,0
9268,0,0
9269,1,0
9270,1,0
9271,3,0
9272,1,0
9273,2,0
9274,0,0
9275,2,0
9276,2,0
9277,1,0
9278,2,0
9279,3,0
9280,2,0
9281,1,0
9282,0,0
9283,2,0
9284,1,0
9285,0,1
9286,1,0
9287,0,0
9288,1,0
9289,2,0
9290,2,1
9291,2,0
9292,1,0
9293,2,0
9294,3,0
9295,3,0
9296,2,0
9297,1,0
9298,1,0
9299,2,0
9300,1,0
9301,1,1
9302,2,0
9303,1,0
9304,3,1
9305,1,1
9306,3,0
9307,2,0
9308,0,0
9309,1,0
9310,0,0
9311,2,0
9312,0,1
9313,2,0
9314,1,0
9315,1,0
9316,0,0
9317,1,0
9318,0,0
9319,1,0
9320,0,0
9321,0,0
9322,1,0
9323,2,0
9324,2,0
9325,1,0
9326,1,0
9327,2,0
9328,3,0
9329,2,0
9330,3,0
9331,0,0
9332,1,0
9333,0,0
9334,0,0
9335,0,0
9336,2,0
9337,1,0
9338,1,1
9339,1,0
9340,1,1
9341,1,0
9342,3,0
9343,2,0
9344,0,1
9345,0,0
9346,1,0
9347,1,0
9348,0,0
9349,3,0
9350,1,0
9351,0,0
9352,1,1
9353,2,0
9354,1,3
9355,1,0
9356,1,0
9357,3,0
9358,1,0
9359,0,0
9360,1,1
9361,2,0
9362,1,0
9363,1,0
9364,1,0
9365,1,0
9366,1,0
9367,1,0
9368,1,0
9369,0,0
9370,2,0
9371,0,0
9372,3,0
9373,1,1
9374,1,0
9375,0,0
9376,1,0
9377,0,0
9378,0,0
9379,1,0
9380,0,0
9381,2,1
9382,1,0
9383,0,0
9384,0,0
9385,3,0
9386,0,0
9387,3,0
9388,1,0
9389,0,0
9390,0,0
9391,1,0
9392,0,0
9393,1,0
9394,1,0
9395,0,0
9396,3,0
9397,0,0
9398,0,0
9399,2,0
9400,1,0
9401,1,0
9402,1,0
9403,0,0
9404,2,0
9405,0,0
9406,2,0
9407,0,0
9408,0,0
9409,1,0
9410,0,0
9411,0,0
9412,0,0
9413,0,0
9414,0,0
9415,1,0
9416,2,0
9417,2,0
9418,1,0
9419,1,1
9420,1,0
9421,1,0
9422,0,0
9423,1,0
9424,1,1
9425,1,0
9426,1,0
9427,1,0
9428,0,0
9429,1,0
9430,0,0
9431,1,0
9432,1,0
9433,1,0
9434,0,0
9435,2,0
9436,0,0
9437,1,0
9438,1,0
9439,1,0
9440,0,0
9441,1,0
9442,0,0
9443,1,0
9444,2,0
9445,0,0
9446,2,0
9447,0,0
9448,0,0
9449,0,0
9450,1,0
9451,1,0
9452,1,0
9453,1,0
9454,0,0
9455,1,0
9456,2,0
9457,0,0
9458,2,0
9459,0,0
9460,3,0
9461,3,0
9462,2,0
9463,3,0
9464,3,0
9465,1,0
9466,1,0
9467,1,0
9468,1,0
9469,1,0
9470,1,0
9471,1,0
9472,1,1
9473,0,0
9474,0,0
9475,1,0
9476,1,0
9477,1,0
9478,2,0
9479,2,0
9480,1,0
9481,1,1
9482,1,0
9483,1,0
9484,2,0
9485,1,0
9486,1,0
9487,1,0
9488,1,0
9489,2,1
9490,0,1
9491,1,0
9492,0,0
9493,0,0
9494,1,0
9495,1,0
9496,1,0
9497,1,0
9498,1,0
9499,0,1
9500,1,0
9501,1,0
9502,1,0
9503,2,0
9504,1,0
9505,0,0
9506,0,0
9507,0,0
9508,0,0
9509,1,0
9510,0,0
9511,2,0
9512,1,0
9513,0,2
9514,2,0
9515,1,0
9516,1,0
9517,2,0
9518,0,0
9519,1,0
9520,2,1
9521,0,0
9522,1,0
9523,0,0
9524,1,0
9525,1,1
9526,0,1
9527,0,0
9528,2,0
9529,1,0
9530,1,0
9531,0,0
9532,1,0
9533,0,0
9534,2,0
9535,1,0
9536,2,0
9537,0,0
9538,0,0
9539,1,0
9540,2,0
9541,1,0
9542,1,0
9543,3,0
9544,1,0
9545,1,0
9546,1,0
9547,1,0
9548,3,0
9549,2,0
9550,2,0
9551,0,0
9552,0,0
9553,1,0
9554,1,0
9555,2,0
9556,2,0
9557,2,0
9558,1,0
9559,2,0
9560,1,0
9561,2,0
9562,1,0
9563,1,0
9564,2,0
9565,1,0
9566,0,1
9567,1,0
9568,2,1
9569,1,0
9570,1,0
9571,1,0
9572,1,0
9573,2,0
9574,0,1
9575,1,0
9576,1,0
9577,1,0
9578,2,0
9579,2,1
9580,1,1
9581,0,0
9582,1,0
9583,2,0
9584,1,0
9585,1,0
9586,1,0
9587,1,0
9588,2,0
9589,2,0
9590,3,0
9591,1,0
9592,3,0
9593,1,0
9594,1,0
9595,2,0
9596,1,0
9597,2,0
9598,1,0
9599,0,0
9600,1,0
9601,3,1
9602,1,0
9603,1,0
9604,0,0
9605,3,0
9606,1,0
9607,2,0
9608,2,0
9609,1,0
9610,1,0
9611,1,0
9612,1,0
9613,2,0
9614,0,0
9615,3,0
9616,1,0
9617,0,0
9618,0,0
9619,1,0
9620,2,0
9621,2,0
9622,0,0
9623,1,0
9624,0,0
9625,1,0
9626,3,0
9627,1,0
9628,0,0
9629,2,0
9630,1,0
9631,1,0
9632,0,0
9633,2,0
9634,1,0
9635,0,0
9636,0,2
9637,0,0
9638,0,0
9639,1,0
9640,0,0
9641,1,0
9642,2,0
9643,1,1
9644,1,0
9645,3,0
9646,2,0
9647,3,0
9648,2,0
9649,2,0
9650,3,0
9651,0,0
9652,3,0
9653,2,0
9654,1,0
9655,1,0
9656,2,0
9657,2,0
9658,1,0
9659,1,0
9660,1,0
9661,1,1
9662,1,0
9663,1,0
9664,0,0
9665,0,0
9666,1,0
9667,0,0
9668,2,0
9669,1,0
9670,0,0
9671,2,0
9672,2,0
9673,1,0
9674,1,0
9675,0,1
9676,0,0
9677,1,0
9678,1,0
9679,1,0
9680,0,0
9681,0,0
9682,0,0
9683,1,0
9684,2,0
9685,0,1
9686,1,0
9687,0,0
9688,2,0
9689,2,0
9690,3,0
9691,2,0
9692,3,0
9693,3,0
9694,0,0
9695,1,0
9696,2,0
9697,1,0
9698,2,0
9699,1,0
9700,2,0
9701,3,0
9702,2,0
9703,1,0
9704,1,0
9705,0,0
9706,1,0
9707,0,0
9708,0,0
9709,0,0
9710,3,0
9711,2,0
9712,2,0
9713,2,0
9714,1,0
9715,2,0
9716,1,0
9717,2,0
9718,2,0
9719,0,0
9720,0,0
9721,2,0
9722,2,0
9723,1,0
9724,1,0
9725,2,0
9726,0,0
9727,3,1
9728,0,0
9729,2,0
9730,1,0
9731,2,0
9732,0,1
9733,3,0
9734,0,0
9735,2,0
9736,0,0
9737,1,0
9738,0,0
9739,1,0
9740,2,1
9741,2,0
9742,0,0
9743,1,0
9744,1,0
9745,1,0
9746,1,0
9747,1,0
9748,1,0
9749,0,0
9750,0,0
9751,1,0
9752,1,0
9753,0,0
9754,1,0
9755,2,0
9756,3,0
9757,2,0
9758,2,0
9759,1,0
9760,1,0
9761,1,0
9762,3,0
9763,2,0
9764,3,0
9765,3,0
9766,1,0
9767,3,0
9768,3,0
9769,0,0
9770,1,0
9771,1,1
9772,0,1
9773,0,0
9774,1,0
9775,1,0
9776,3,0
9777,1,0
9778,1,1
9779,1,0
9780,1,0
9781,0,0
9782,2,1
9783,1,1
9784,1,0
9785,3,0
9786,1,0
9787,2,1
9788,1,0
9789,1,0
9790,3,0
9791,2,0
9792,2,0
9793,0,0
9794,2,0
9795,2,0
9796,0,0
9797,0,0
9798,1,0
9799,2,0
9800,1,0
9801,1,0
9802,0,0
9803,3,0
9804,0,0
9805,3,0
9806,0,1
9807,0,1
9808,1,0
9809,3,0
9810,3,0
9811,1,0
9812,0,0
9813,2,0
9814,2,0
9815,0,0
9816,1,0
9817,3,0
9818,2,0
9819,1,0
9820,1,0
9821,3,0
9822,1,0
9823,1,0
9824,1,0
9825,0,0
9826,1,0
9827,0,0
9828,2,0
9829,2,0
9830,1,0
9831,0,0
9832,1,0
9833,0,0
9834,1,0
9835,1,0
9836,1,0
9837,0,0
9838,3,0
9839,0,0
9840,1,0
9841,2,0
9842,1,0
9843,1,0
9844,3,0
9845,1,0
9846,0,0
9847,1,0
9848,3,0
9849,2,0
9850,1,0
9851,0,0
9852,2,0
9853,2,0
9854,1,0
9855,0,0
9856,0,0
9857,1,0
9858,2,0
9859,1,0
9860,1,0
9861,1,0
9862,0,0
9863,1,0
9864,1,0
9865,1,0
9866,2,0
9867,0,0
9868,0,0
9869,0,1
9870,3,0
9871,1,0
9872,1,0
9873,0,0
9874,2,0
9875,2,0
9876,1,0
9877,0,0
9878,3,0
9879,3,0
9880,1,0
9881,1,1
9882,2,0
9883,1,0
9884,2,0
9885,3,0
9886,1,1
9887,1,0
9888,1,0
9889,1,0
9890,1,0
9891,2,0
9892,3,0
9893,2,0
9894,1,0
9895,1,0
9896,1,0
9897,1,0
9898,1,1
9899,0,0
9900,1,0
9901,2,0
9902,0,0
9903,1,0
9904,0,0
9905,1,0
9906,3,0
9907,2,0
9908,2,0
9909,1,0
9910,1,0
9911,1,0
9912,2,0
9913,3,0
9914,3,0
9915,3,0
9916,2,0
9917,3,0
9918,3,0
9919,3,0
9920,0,1
9921,3,0
9922,1,0
9923,3,0
9924,1,0
9925,2,0
9926,2,0
9927,3,0
9928,1,0
9929,0,0
9930,2,0
9931,3,0
9932,3,0
9933,3,0
9934,1,0
9935,1,0
9936,0,0
9937,1,0
9938,1,0
9939,0,1
9940,1,0
9941,1,0
9942,1,0
9943,1,0
9944,1,0
9945,1,1
9946,2,0
9947,1,0
9948,1,0
9949,1,0
9950,1,0
9951,1,0
9952,3,0
9953,0,0
9954,0,0
9955,0,0
9956,1,0
9957,1,0
9958,1,0
9959,0,0
9960,2,0
9961,0,0
9962,2,1
9963,1,0
9964,1,0
9965,0,0
9966,1,0
9967,3,0
9968,1,0
9969,1,0
9970,0,0
9971,1,0
9972,1,0
9973,2,0
9974,2,0
9975,3,0
9976,1,0
9977,1,0
9978,2,0
9979,1,0
9980,1,0
9981,2,1
9982,2,0
9983,2,0
9984,1,0
9985,3,0
9986,1,2
9987,0,0
9988,2,0
9989,0,0
9990,0,0
9991,0,0
9992,1,1
9993,0,0
9994,1,0
9995,2,0
9996,2,0
9997,1,0
9998,1,0
9999,0,0
10000,1,0
10001,2,0
10002,2,0
10003,2,0
10004,2,0
10005,1,1
10006,1,0
10007,0,0
10008,1,0
10009,1,0
10010,1,0
10011,2,0
10012,1,0
10013,1,0
10014,1,0
10015,1,0
10016,1,0
10017,1,0
10018,0,0
10019,1,0
10020,1,1
10021,0,0
10022,0,0
10023,1,0
10024,0,0
10025,2,0
10026,3,0
10027,1,0
10028,1,0
10029,1,0
10030,1,0
10031,1,0
10032,1,0
10033,1,0
10034,2,0
10035,1,0
10036,1,1
10037,1,0
10038,1,0
10039,2,0
10040,2,0
10041,2,0
10042,2,0
10043,1,0
10044,1,0
10045,3,0
10046,1,0
10047,1,0
10048,1,0
10049,2,0
10050,2,0
10051,0,0
10052,2,0
10053,3,0
10054,3,0
10055,2,0
10056,3,0
10057,2,0
10058,2,0
10059,1,0
10060,3,0
10061,1,0
10062,2,1
10063,2,0
10064,3,0
10065,1,1
10066,1,0
10067,1,0
10068,3,0
10069,0,0
10070,1,0
10071,1,0
10072,1,0
10073,1,0
10074,1,0
10075,1,0
10076,0,1
10077,1,0
10078,1,0
10079,1,0
10080,1,0
10081,1,0
10082,0,0
10083,1,0
10084,1,0
10085,0,0
10086,0,0
10087,1,0
10088,0,0
10089,0,0
10090,1,1
10091,1,0
10092,0,0
10093,1,1
10094,1,0
10095,3,0
10096,1,0
10097,1,1
10098,1,0
10099,3,0
10100,0,1
10101,0,0
10102,1,0
10103,0,0
10104,0,0
10105,1,0
10106,0,1
10107,0,0
10108,0,0
10109,0,0
10110,1,0
10111,0,0
10112,3,2
10113,1,0
10114,0,0
10115,1,0
10116,2,0
10117,1,0
10118,0,0
10119,0,0
10120,1,0
10121,1,0
10122,3,0
10123,1,0
10124,0,1
10125,1,0
10126,1,1
10127,1,0
10128,0,0
10129,1,0
10130,1,0
10131,1,0
10132,0,0
10133,1,0
10134,0,0
10135,3,0
10136,0,0
10137,0,0
10138,1,0
10139,0,0
10140,1,0
10141,0,0
10142,1,0
10143,2,0
10144,1,1
10145,2,2
10146,0,0
10147,2,0
10148,3,0
10149,1,0
10150,1,0
10151,3,0
10152,3,0
10153,3,1
10154,2,0
10155,1,0
10156,3,0
10157,3,0
10158,1,0
10159,3,0
10160,3,0
10161,1,1
10162,2,0
10163,1,0
10164,2,0
10165,1,0
10166,1,0
10167,1,0
10168,1,0
10169,1,0
10170,2,0
10171,0,0
10172,0,0
10173,1,0
10174,2,1
10175,3,0
10176,1,0
10177,3,0
10178,2,0
10179,1,0
10180,1,0
10181,2,0
10182,1,0
10183,0,0
10184,1,0
10185,2,0
10186,0,0
10187,1,0
10188,1,0
10189,0,0
10190,3,0
10191,3,0
10192,1,0
10193,3,0
10194,1,0
10195,1,0
10196,3,1
10197,0,0
10198,0,0
10199,0,0
10200,1,0
10201,2,0
10202,2,1
10203,3,0
10204,0,0
